track,frame_idx,instance.score,Base_HA.x,Base_HA.y,Base_HA.score,IN1.x,IN1.y,IN1.score,IN2.x,IN2.y,IN2.score,L1_D.x,L1_D.y,L1_D.score,L1_G.x,L1_G.y,L1_G.score,L2_D.x,L2_D.y,L2_D.score,L2_G.x,L2_G.y,L2_G.score
1,24,,278.3291507740323,345.7037733783718,,289.4823725066916,268.64369516074015,,290.06268121417065,227.19349660922154,,406.88960116950966,300.0758725341427,,152.61381778222574,275.8240710444093,,358.00751023442444,232.66588874364248,,233.96236252531958,218.90685958561778,
2,24,,719.0848464716582,296.5633312438391,,732.0621638464299,245.1529799807014,,731.9054891836629,226.67872420187183,,841.9058433391596,263.5436043849619,,606.5018702574948,273.15161215371495,,811.5877274587752,196.29153008744015,,670.1538803836377,208.84583554989874,
3,24,,1021.0337746331036,289.23955848628,,1002.422262383814,231.98857040282485,,991.1934259919367,213.87822433010987,,1095.4040817497537,238.46589373424774,,860.9861251394041,276.5686225556521,,933.0665254086822,204.41217870905643,,1039.6188513684256,178.6171315042953,
1,104,,278.3291507740323,345.7037733783718,,289.4823725066916,268.64369516074015,,292.97618652524807,240.78985472758268,,406.88960116950966,298.1335356600912,,153.58498621925153,275.8240710444094,,358.00751023442444,232.66588874364248,,233.96236252531958,218.90685958561778,
2,104,,719.0848464716582,296.5633312438391,,732.0621638464299,245.1529799807014,,731.9054891836629,226.67872420187183,,841.9058433391596,263.5436043849619,,600.67485963534,265.3822646575086,,811.5877274587752,196.29153008744015,,670.1538803836377,205.93233023882138,
3,104,,1021.0337746331036,289.23955848628,,1002.422262383814,231.98857040282485,,991.1934259919367,213.87822433010987,,1093.461744875702,208.35967218644802,,854.1879460802235,259.0875906891878,,933.0665254086822,204.41217870905643,,1042.5323566795025,173.7612893191663,
1,184,,278.3291507740323,345.7037733783718,,289.4823725066916,268.64369516074015,,292.97618652524807,240.78985472758268,,408.8319380435613,291.3353566009106,,153.58498621925153,275.8240710444094,,358.00751023442444,232.66588874364248,,233.96236252531958,218.90685958561778,
2,184,,719.0848464716582,296.5633312438391,,732.0621638464299,245.1529799807014,,731.9054891836629,226.67872420187183,,842.8770117761856,277.139962503323,,601.6460280723657,260.52642247237964,,814.5012327698527,204.06087758364657,,670.1538803836376,199.1341511796408,
3,184,,1021.0337746331036,289.23955848628,,1002.422262383814,231.98857040282485,,996.0492681770659,211.93588745605828,,1096.3752501867793,200.5903246902417,,849.3321038950945,250.34707475595562,,932.0953569716565,191.7869890277211,,1042.5323566795025,173.7612893191663,
1,265,,278.3291507740323,345.7037733783718,,289.4823725066916,268.64369516074015,,292.97618652524807,240.78985472758268,,408.83193804356137,287.4506828528074,,155.52732309330312,276.7952394814352,,358.00751023442444,225.86770968446194,,232.99119408829375,215.9933542745404,
2,265,,710.3443305384261,296.5633312438392,,727.206321661301,245.15297998070142,,731.9054891836629,226.67872420187183,,844.819348650237,277.13996250332303,,601.6460280723657,253.7282434131991,,818.3859065179558,208.91671976877552,,677.9232278798438,198.162982742615,
3,265,,1019.0914377590519,289.2395584862799,,1002.422262383814,231.98857040282485,,996.0492681770659,211.93588745605828,,1096.3752501867793,200.5903246902417,,849.3321038950945,250.34707475595562,,932.0953569716565,191.7869890277211,,1042.5323566795025,173.7612893191663,
1,346,,278.3291507740323,345.7037733783718,,289.4823725066916,268.64369516074015,,292.97618652524807,240.78985472758268,,408.83193804356137,282.5948406676784,,157.46965996735472,274.8529026073836,,358.00751023442444,225.86770968446194,,232.99119408829375,215.9933542745404,
2,346,,710.3443305384261,296.5633312438392,,727.206321661301,245.15297998070142,,731.9054891836629,226.67872420187183,,844.819348650237,277.13996250332303,,601.6460280723657,253.7282434131991,,818.3859065179558,208.91671976877552,,677.9232278798437,196.22064586856337,
3,346,,1019.0914377590519,289.2395584862799,,1002.422262383814,231.98857040282485,,996.0492681770659,211.93588745605828,,1096.3752501867793,200.5903246902417,,849.3321038950945,250.34707475595562,,932.0953569716565,191.7869890277211,,1042.5323566795025,173.7612893191663,
1,426,,278.3291507740323,345.7037733783718,,289.4823725066916,268.64369516074015,,292.97618652524807,249.53037066081487,,408.8319380435614,281.6236722306526,,157.46965996735472,274.8529026073836,,358.00751023442444,225.86770968446194,,232.99119408829375,215.9933542745404,
2,426,,710.3443305384261,296.5633312438392,,727.206321661301,245.15297998070142,,731.9054891836629,226.67872420187183,,844.819348650237,273.2552887552198,,601.6460280723657,253.7282434131991,,817.4147380809302,204.06087758364657,,677.9232278798437,196.22064586856337,
3,426,,1022.0049430701292,286.32605317520256,,1002.422262383814,231.98857040282485,,996.0492681770659,211.93588745605828,,1096.3752501867793,196.7056509421385,,849.3321038950945,250.34707475595562,,932.0953569716565,191.7869890277211,,1046.4170304276056,173.7612893191663,
1,507,,278.3291507740323,345.7037733783718,,289.4823725066916,268.64369516074015,,292.97618652524807,249.53037066081487,,407.8607696065357,276.7678300455235,,157.46965996735472,274.8529026073836,,358.00751023442444,225.86770968446194,,232.99119408829375,215.9933542745404,
2,507,,710.3443305384261,296.5633312438392,,727.206321661301,245.15297998070142,,731.9054891836629,226.67872420187183,,846.7616855242886,267.4282781330651,,603.5883649464171,257.6129171613023,,813.5300643328271,201.14737227256919,,677.9232278798437,196.22064586856337,
3,507,,1022.0049430701292,286.32605317520256,,1002.422262383814,231.98857040282485,,996.0492681770659,211.93588745605828,,1096.3752501867793,196.7056509421385,,849.3321038950945,250.34707475595562,,932.0953569716565,191.7869890277211,,1046.4170304276056,173.7612893191663,
1,588,,275.41564546295496,344.732604941346,,289.4823725066916,268.64369516074015,,292.97618652524807,249.53037066081487,,407.8607696065357,276.7678300455235,,155.5273230933031,283.59341854061574,,358.0075102344244,234.60822561769405,,233.96236252531955,217.93569114859196,
2,588,,710.3443305384261,296.5633312438392,,727.206321661301,245.15297998070142,,731.9054891836629,226.67872420187183,,843.8481802132113,263.5436043849618,,599.7036911983139,263.43992778345705,,814.5012327698529,203.08970914662078,,677.9232278798437,200.10531961666658,
3,588,,1027.831953692284,286.32605317520256,,1002.422262383814,231.98857040282485,,996.0492681770659,211.93588745605828,,1096.3752501867793,196.7056509421385,,852.2456092061719,253.260580067033,,930.153020097605,202.46984183500481,,1048.3593673016571,177.64596306726946,
1,668,,275.41564546295496,344.732604941346,,289.4823725066916,268.64369516074015,,292.97618652524807,249.53037066081487,,407.8607696065357,274.8254931714719,,155.5273230933031,283.59341854061574,,356.0651733603728,232.66588874364243,,228.1353519031648,211.13751208941142,
2,668,,710.3443305384261,296.5633312438392,,727.206321661301,245.15297998070142,,731.9054891836629,226.67872420187183,,848.7040223983403,257.716593762807,,599.7036911983139,263.43992778345705,,810.6165590217496,200.1762038355434,,677.9232278798437,200.10531961666658,
3,668,,1027.831953692284,286.32605317520256,,1002.422262383814,231.98857040282485,,996.0492681770659,211.93588745605828,,1097.3464186238052,199.6191562532159,,865.8419673245331,256.17408537811036,,940.8358729048888,211.21035776823703,,1048.3593673016571,177.64596306726946,
1,748,,275.41564546295496,344.732604941346,,284.6265303215627,270.58603203479174,,289.09151277714494,249.53037066081487,,417.5724539767938,283.566009104704,,155.5273230933031,283.59341854061574,,356.06517336037274,242.3775731139004,,235.90469939937114,204.33933303023088,
2,748,,710.3443305384261,296.5633312438392,,727.206321661301,245.15297998070142,,731.9054891836629,226.67872420187183,,848.7040223983404,254.8030884517296,,599.7036911983139,263.43992778345705,,810.6165590217496,200.1762038355434,,669.1827119466113,203.01882492774396,
3,748,,1027.831953692284,288.2683900492542,,1002.422262383814,231.98857040282485,,996.0492681770659,211.93588745605828,,1097.3464186238052,199.6191562532159,,865.8419673245331,256.17408537811036,,930.153020097605,191.78698902772106,,1048.3593673016571,177.64596306726946,
1,829,,275.41564546295496,344.732604941346,,284.6265303215627,270.58603203479174,,289.09151277714494,249.53037066081487,,416.601285539768,278.71016691957493,,155.5273230933031,283.59341854061574,,356.06517336037274,238.49289936579723,,234.93353096234532,200.4546592821277,
2,829,,710.3443305384261,296.5633312438392,,727.206321661301,245.15297998070142,,731.9054891836629,226.67872420187183,,848.7040223983404,254.8030884517296,,599.7036911983139,263.43992778345705,,813.5300643328269,195.32036165041444,,669.1827119466112,200.10531961666658,
3,829,,1027.831953692284,288.2683900492542,,1002.422262383814,231.98857040282485,,996.0492681770659,211.93588745605828,,1101.2310923719083,208.35967218644802,,865.8419673245331,256.17408537811036,,930.153020097605,186.93114684259206,,1048.3593673016571,164.0496049489083,
1,909,,275.41564546295496,344.732604941346,,282.6841934475111,276.4130426569465,,291.0338496511966,246.61686534973754,,416.601285539768,278.71016691957493,,154.55615465627727,282.62225010358986,,358.9786786714501,230.72355186959084,,241.73171002152588,190.74297491186977,
2,909,,710.3443305384261,296.5633312438392,,727.206321661301,245.15297998070142,,731.9054891836629,226.67872420187183,,848.7040223983404,256.7454253257812,,599.7036911983139,263.43992778345705,,814.5012327698525,190.46451946528543,,669.1827119466112,197.19181430558916,
1,990,,275.41564546295496,344.732604941346,,282.6841934475111,276.4130426569465,,291.0338496511966,246.61686534973754,,416.601285539768,278.71016691957493,,154.55615465627727,282.62225010358986,,363.83452085657905,222.95420437338444,,241.7317100215259,185.8871327267408,
2,990,,710.3443305384261,296.5633312438392,,727.206321661301,245.15297998070142,,731.9054891836629,226.67872420187183,,848.7040223983404,256.7454253257812,,599.7036911983139,263.43992778345705,,816.4435696439042,183.66634040610484,,673.0673856947144,203.98999336476976,
3,990,,1018.4180796721299,261.7041192155315,,1001.2448948555829,225.1090832515509,,996.9841920964253,200.98846307939002,,1101.110450998467,216.212997599353,,861.8254101543233,252.85012838186242,,1048.2695100351098,157.66783575809984,,930.3494271040719,181.72603942433224,
1,1071,,275.41564546295496,344.732604941346,,282.6841934475111,276.4130426569465,,291.0338496511966,246.61686534973754,,416.601285539768,278.71016691957493,,154.55615465627727,282.62225010358986,,365.77685773063064,214.2136884401523,,244.64521533260327,182.00245897863758,
2,1071,,710.3443305384261,296.5633312438392,,727.206321661301,245.15297998070142,,731.9054891836629,226.67872420187183,,847.7328539613145,257.71659376280695,,599.7036911983139,263.43992778345705,,816.4435696439042,180.75283509502748,,678.8943963168691,204.96116180179555,
3,1071,,1018.4180796721299,261.7041192155315,,1001.2448948555829,225.1090832515509,,996.9841920964253,200.98846307939002,,1101.110450998467,216.212997599353,,860.8542417172976,256.7348021299656,,1048.2695100351098,153.7831620099967,,929.3782586670461,178.81253411325483,
1,1151,,275.41564546295496,344.732604941346,,282.6841934475111,276.4130426569465,,291.0338496511966,246.61686534973754,,413.68778022869054,278.710166919575,,154.55615465627727,281.65108166656415,,364.80568929360487,213.24252000312651,,244.6452153326033,177.1466167935086,
2,1151,,710.3443305384261,296.5633312438392,,727.206321661301,245.15297998070142,,731.9054891836629,226.67872420187183,,849.675190835366,248.9760778295748,,599.7036911983139,263.43992778345705,,811.5877274587752,173.95465603584694,,677.9232278798435,204.96116180179555,
3,1151,,1018.4180796721299,261.7041192155315,,1001.2448948555829,225.1090832515509,,996.9841920964253,200.98846307939002,,1103.0527878725186,220.09767134745618,,860.8542417172976,256.7348021299656,,1039.5289941018777,151.84082513594507,,929.3782586670461,173.95669192812585,
1,1232,,275.41564546295496,344.732604941346,,282.6841934475111,276.4130426569465,,291.0338496511966,246.61686534973754,,413.6877802286906,274.8254931714718,,154.55615465627727,281.65108166656415,,364.80568929360487,210.32901469204907,,244.6452153326033,177.1466167935086,
2,1232,,710.3443305384261,296.5633312438392,,727.206321661301,245.15297998070142,,731.9054891836629,226.67872420187183,,849.675190835366,248.9760778295748,,601.6460280723655,266.35343309453447,,811.5877274587752,173.95465603584694,,677.9232278798435,204.96116180179555,
3,1232,,1018.4180796721299,261.7041192155315,,1001.2448948555829,225.1090832515509,,995.0418552223737,200.98846307939004,,1103.0527878725186,220.09767134745618,,860.8542417172976,256.7348021299656,,1039.5289941018777,151.84082513594507,,929.3782586670462,168.12968130597108,
1,1312,,275.41564546295496,344.732604941346,,282.6841934475111,276.4130426569465,,291.0338496511966,246.61686534973754,,410.7742749176133,273.8543247344459,,154.55615465627727,281.65108166656415,,361.8921839825275,209.35784625502328,,244.6452153326033,177.1466167935086,
2,1312,,710.3443305384261,296.5633312438392,,727.206321661301,245.15297998070142,,731.9054891836629,226.67872420187183,,849.675190835366,248.9760778295748,,601.6460280723655,266.35343309453447,,811.5877274587752,173.95465603584694,,677.9232278798435,204.96116180179555,
3,1312,,1018.4180796721299,261.7041192155315,,1001.2448948555829,225.1090832515509,,995.0418552223737,200.98846307939004,,1099.1681141244155,215.2418291623272,,866.6812523394524,255.76363369293983,,1036.6154887908006,149.89848826189348,,931.3205955410976,170.0720181800227,
1,1392,,275.41564546295496,344.732604941346,,282.6841934475111,276.4130426569465,,291.0338496511966,246.61686534973754,,410.7742749176133,273.8543247344459,,154.55615465627727,281.65108166656415,,361.8921839825275,209.35784625502328,,244.6452153326033,177.1466167935086,
2,1392,,710.3443305384261,296.5633312438392,,727.206321661301,245.15297998070142,,731.9054891836629,226.67872420187183,,849.675190835366,248.9760778295748,,601.6460280723655,266.35343309453447,,811.5877274587752,173.95465603584694,,677.9232278798435,204.96116180179555,
3,1392,,1018.4180796721299,261.7041192155315,,1001.2448948555829,225.1090832515509,,995.0418552223737,200.98846307939004,,1099.1681141244155,215.2418291623272,,866.6812523394524,255.76363369293983,,1036.6154887908006,149.89848826189348,,931.3205955410976,170.0720181800227,
1,1473,,275.41564546295496,344.732604941346,,282.6841934475111,276.4130426569465,,291.0338496511966,246.61686534973754,,410.7742749176133,273.8543247344459,,154.55615465627727,281.65108166656415,,365.7768577306307,219.06953062528123,,240.76054158450015,182.97362741566334,
2,1473,,710.3443305384261,296.5633312438392,,727.206321661301,245.15297998070142,,731.9054891836629,226.67872420187183,,849.675190835366,248.9760778295748,,601.6460280723655,266.35343309453447,,812.558895895801,177.83932978395012,,676.9520594428178,210.78817242395033,
3,1473,,1018.4180796721299,261.7041192155315,,1001.2448948555829,225.1090832515509,,995.0418552223737,200.98846307939004,,1099.1681141244155,215.2418291623272,,866.6812523394524,255.76363369293983,,1034.6731519167488,152.8119935729709,,931.3205955410976,170.0720181800227,
1,1554,,275.41564546295496,344.732604941346,,282.6841934475111,276.4130426569465,,291.0338496511966,246.61686534973754,,410.7742749176133,273.8543247344459,,154.55615465627727,281.65108166656415,,365.7768577306307,219.06953062528123,,240.76054158450015,182.97362741566334,
2,1554,,710.3443305384261,296.5633312438392,,727.206321661301,245.15297998070142,,731.9054891836629,226.67872420187183,,849.675190835366,248.9760778295748,,601.6460280723655,266.35343309453447,,812.558895895801,177.83932978395012,,676.9520594428178,210.78817242395033,
3,1554,,1018.4180796721299,261.7041192155315,,1001.2448948555829,225.1090832515509,,995.0418552223737,200.98846307939004,,1097.225777250364,217.1841660363788,,866.6812523394524,255.76363369293983,,1040.5001625389036,154.75433044702248,,924.5224164819172,175.8990288021775,
1,1635,,275.41564546295496,344.732604941346,,282.6841934475111,276.4130426569465,,291.0338496511966,246.61686534973754,,410.7742749176133,273.8543247344459,,154.55615465627727,281.65108166656415,,364.80568929360487,222.9542043733844,,238.81820471044853,186.85830116376653,
2,1635,,710.3443305384261,296.5633312438392,,727.206321661301,245.15297998070142,,731.9054891836629,226.67872420187183,,849.675190835366,252.86075157767797,,606.5018702574946,272.1804437166893,,812.558895895801,177.83932978395012,,675.980891005792,209.81700398692453,
3,1635,,1017.446911235104,262.6752876525572,,1000.2737264185571,231.9072623107315,,992.1283499112963,200.98846307939004,,1097.225777250364,217.1841660363788,,860.8542417172976,262.5618127521204,,1040.5001625389036,154.75433044702248,,922.5800796078656,182.6972078613581,
1,1716,,275.41564546295496,344.732604941346,,282.6841934475111,276.4130426569465,,291.0338496511966,246.61686534973754,,410.7742749176133,277.7389984825491,,160.38316527843205,284.56458697764145,,362.8633524195532,223.92537281041024,,237.8470362734227,194.62764865997292,
2,1716,,710.3443305384261,296.5633312438392,,727.206321661301,245.15297998070142,,731.9054891836629,226.67872420187183,,849.6751908353659,256.7454253257812,,606.5018702574946,272.1804437166893,,812.558895895801,184.63750884313066,,675.980891005792,209.81700398692453,
3,1716,,1017.446911235104,262.6752876525572,,1000.2737264185571,231.9072623107315,,992.1283499112963,200.98846307939004,,1097.225777250364,217.1841660363788,,860.8542417172976,262.5618127521204,,1047.2983415980839,159.61017263215143,,922.5800796078655,184.63954473540966,
1,1796,,275.41564546295496,344.732604941346,,282.6841934475111,276.4130426569465,,291.0338496511966,246.61686534973754,,410.7742749176133,279.68133535660064,,159.41199684140628,284.56458697764145,,362.8633524195532,223.92537281041024,,237.84703627342273,188.80063803781815,
2,1796,,710.3443305384261,296.5633312438392,,727.206321661301,245.15297998070142,,731.9054891836629,226.67872420187183,,849.6751908353659,256.7454253257812,,606.5018702574947,275.0939490277667,,812.558895895801,184.63750884313066,,675.980891005792,209.81700398692453,
3,1796,,1017.446911235104,262.6752876525572,,1000.2737264185571,231.9072623107315,,992.1283499112963,200.98846307939004,,1097.225777250364,217.1841660363788,,860.8542417172976,262.5618127521204,,1045.3560047240321,163.49484638025464,,922.5800796078655,191.43772379459026,
1,1877,,275.41564546295496,344.732604941346,,282.6841934475111,276.4130426569465,,291.0338496511966,246.61686534973754,,409.8031064805875,283.5660091047038,,153.58498621925153,278.7375763554867,,362.8633524195532,223.92537281041024,,237.84703627342273,188.80063803781815,
2,1877,,710.3443305384261,296.5633312438392,,727.206321661301,245.15297998070142,,731.9054891836629,226.67872420187183,,849.6751908353658,259.6589306368586,,606.5018702574947,275.0939490277667,,812.5588958958009,188.52218259123384,,679.8655647538951,213.70167773502772,
3,1877,,1017.446911235104,262.6752876525572,,1000.2737264185571,231.9072623107315,,992.1283499112963,200.98846307939004,,1097.2257772503638,221.06883978448195,,860.8542417172976,262.5618127521204,,1045.3560047240321,163.49484638025464,,920.637742733814,196.29356597971923,
1,1957,,275.41564546295496,344.732604941346,,282.6841934475111,276.4130426569465,,291.0338496511966,246.61686534973754,,409.8031064805875,283.5660091047038,,153.58498621925153,273.8817341703577,,362.8633524195532,223.92537281041024,,237.84703627342273,188.80063803781815,
2,1957,,710.3443305384261,296.5633312438392,,727.206321661301,245.15297998070142,,731.9054891836629,226.67872420187183,,848.70402239834,265.48594125901343,,606.5018702574947,275.0939490277667,,810.6165590217491,186.57984571718222,,676.9520594428177,209.81700398692453,
3,1957,,1017.446911235104,262.6752876525572,,1000.2737264185571,231.9072623107315,,992.1283499112963,200.98846307939004,,1097.2257772503638,221.06883978448195,,862.7965785913492,270.3311602483267,,1046.327173161058,165.43718325430623,,920.637742733814,191.43772379459026,
1,2038,,275.41564546295496,344.732604941346,,282.6841934475111,276.4130426569465,,291.0338496511966,246.61686534973754,,407.8607696065358,285.5083459787554,,153.58498621925153,273.8817341703577,,362.8633524195532,223.92537281041024,,237.84703627342273,188.80063803781815,
2,2038,,710.3443305384261,296.5633312438392,,727.206321661301,245.15297998070142,,731.9054891836629,226.67872420187183,,848.70402239834,265.48594125901343,,608.4442071315462,271.20927527966353,,810.6165590217493,190.46451946528543,,676.9520594428177,205.93233023882135,
3,2038,,1017.446911235104,262.6752876525572,,1000.2737264185571,231.9072623107315,,992.1283499112963,200.98846307939004,,1097.2257772503638,221.06883978448195,,862.7965785913492,270.3311602483267,,1046.327173161058,165.43718325430623,,920.6377427338141,186.58188160946128,
1,2118,,275.41564546295496,344.732604941346,,282.6841934475111,276.4130426569465,,291.0338496511966,246.61686534973754,,407.8607696065359,291.3353566009102,,153.58498621925156,281.6510816665641,,362.8633524195532,223.92537281041024,,237.84703627342273,188.80063803781815,
2,2118,,710.3443305384261,296.5633312438392,,727.206321661301,245.15297998070142,,731.9054891836629,226.67872420187183,,848.70402239834,265.48594125901343,,603.5883649464171,270.23810684263776,,810.6165590217493,190.46451946528543,,676.9520594428177,205.93233023882135,
3,2118,,1017.446911235104,262.6752876525572,,1000.2737264185571,231.9072623107315,,992.1283499112963,200.98846307939004,,1097.2257772503638,221.06883978448195,,853.0848942210914,257.70597056699125,,1046.327173161058,165.43718325430623,,920.637742733814,183.66837629838386,
1,2199,,275.41564546295496,344.732604941346,,282.6841934475111,276.4130426569465,,291.0338496511966,246.61686534973754,,402.0337589843811,288.4218512898328,,157.46965996735477,287.47809228871887,,362.86335241955317,221.01186749933282,,237.84703627342273,187.82946960079235,
2,2199,,710.3443305384261,296.5633312438392,,727.206321661301,245.15297998070142,,731.9054891836629,226.67872420187183,,848.70402239834,265.48594125901343,,603.5883649464171,270.23810684263776,,810.6165590217493,190.46451946528543,,677.9232278798435,201.07648805369234,
3,2199,,1017.446911235104,262.6752876525572,,1000.2737264185571,231.9072623107315,,992.1283499112963,200.98846307939004,,1097.2257772503638,221.06883978448195,,853.0848942210914,257.70597056699125,,1053.1253522202383,167.3795201283578,,918.6954058597623,180.75487098730648,
1,2279,,275.41564546295496,344.732604941346,,282.6841934475111,276.4130426569465,,291.0338496511966,246.61686534973754,,402.03375898438117,286.47951441578124,,157.46965996735477,287.47809228871887,,362.86335241955317,221.01186749933282,,237.84703627342273,187.82946960079235,
2,2279,,710.3443305384261,296.5633312438392,,727.206321661301,245.15297998070142,,731.9054891836629,226.67872420187183,,848.70402239834,265.48594125901343,,603.5883649464171,270.23810684263776,,810.6165590217493,190.46451946528543,,677.9232278798435,201.07648805369234,
3,2279,,1017.446911235104,262.6752876525572,,1000.2737264185571,231.9072623107315,,992.1283499112963,200.98846307939004,,1097.2257772503638,221.06883978448195,,853.0848942210914,257.70597056699125,,1054.096520657264,171.26419387646104,,918.6954058597623,180.75487098730648,
1,2360,,275.41564546295496,344.732604941346,,282.6841934475111,276.4130426569465,,291.0338496511966,246.61686534973754,,402.03375898438117,286.47951441578124,,157.46965996735477,287.47809228871887,,362.8633524195532,217.12719375122964,,236.8758678363969,190.74297491186977,
2,2360,,710.3443305384261,296.5633312438392,,727.206321661301,245.15297998070142,,731.9054891836629,226.67872420187183,,847.7328539613142,262.57243594793607,,603.5883649464171,270.23810684263776,,810.6165590217493,190.46451946528543,,677.9232278798436,205.93233023882135,
3,2360,,1017.446911235104,262.6752876525572,,1000.2737264185571,231.9072623107315,,992.1283499112963,200.98846307939004,,1097.2257772503638,221.06883978448195,,853.0848942210914,257.70597056699125,,1054.096520657264,171.26419387646104,,918.6954058597623,180.75487098730648,
1,2440,,275.41564546295496,344.732604941346,,282.6841934475111,276.4130426569465,,291.0338496511966,246.61686534973754,,405.9184327324843,288.4218512898328,,157.46965996735477,294.27627134789947,,362.8633524195532,217.12719375122964,,236.8758678363969,190.74297491186977,
2,2440,,710.3443305384261,296.5633312438392,,727.206321661301,245.15297998070142,,731.9054891836629,226.67872420187183,,846.7616855242885,259.65893063685877,,603.5883649464171,270.23810684263776,,810.6165590217493,190.46451946528543,,677.9232278798436,205.93233023882135,
3,2440,,1017.446911235104,262.6752876525572,,1000.2737264185571,231.9072623107315,,992.1283499112963,200.98846307939004,,1097.225777250364,223.9823450955594,,853.0848942210914,257.70597056699125,,1054.096520657264,171.26419387646104,,918.6954058597623,180.75487098730648,
1,2521,,275.41564546295496,344.732604941346,,282.6841934475111,276.4130426569465,,291.0338496511966,246.61686534973754,,405.9184327324843,288.4218512898328,,157.46965996735477,294.27627134789947,,362.8633524195532,222.95420437338444,,232.9911940882937,190.74297491186977,
2,2521,,710.3443305384261,296.5633312438392,,727.206321661301,245.15297998070142,,731.9054891836629,226.67872420187183,,846.7616855242885,259.65893063685877,,603.588364946417,275.0939490277667,,810.6165590217493,190.46451946528543,,677.9232278798436,213.70167773502774,
3,2521,,1017.446911235104,262.6752876525572,,1000.2737264185571,231.9072623107315,,992.1283499112963,200.98846307939004,,1097.225777250364,223.9823450955594,,857.9407364062204,271.30232868535245,,1048.2695100351093,168.35068856538362,,918.6954058597623,180.75487098730648,
1,2601,,275.41564546295496,344.732604941346,,282.6841934475111,276.4130426569465,,291.0338496511966,246.61686534973754,,405.9184327324843,288.4218512898328,,157.46965996735477,294.27627134789947,,362.8633524195532,222.95420437338444,,232.9911940882937,190.74297491186977,
2,2601,,710.3443305384261,296.5633312438392,,727.206321661301,245.15297998070142,,731.9054891836629,226.67872420187183,,846.7616855242885,259.65893063685877,,602.6171965093911,276.06511746479254,,810.6165590217493,190.46451946528543,,677.9232278798436,213.70167773502774,
3,2601,,1017.446911235104,262.6752876525572,,1000.2737264185571,231.9072623107315,,992.1283499112963,200.98846307939004,,1099.1681141244155,227.86701884366258,,857.9407364062205,276.15817087048146,,1040.5001625389032,168.35068856538365,,920.6377427338139,180.75487098730648,
1,2682,,275.41564546295496,344.732604941346,,282.6841934475111,276.4130426569465,,291.0338496511966,246.61686534973754,,405.9184327324843,288.4218512898328,,157.46965996735477,294.27627134789947,,362.8633524195532,230.7235518695908,,232.9911940882937,190.74297491186977,
2,2682,,710.3443305384261,296.5633312438392,,727.206321661301,245.15297998070142,,731.9054891836629,226.67872420187183,,846.7616855242885,259.65893063685877,,602.6171965093911,276.06511746479254,,810.6165590217493,190.46451946528543,,677.9232278798436,213.70167773502774,
3,2682,,1017.446911235104,262.6752876525572,,1000.2737264185571,231.9072623107315,,992.1283499112963,200.98846307939004,,1101.110450998467,235.636366339869,,857.9407364062204,281.9851814926363,,1040.500162538903,166.40835169133203,,920.6377427338139,180.75487098730648,
1,2762,,275.41564546295496,344.732604941346,,282.6841934475111,276.4130426569465,,291.0338496511966,246.61686534973754,,405.9184327324843,288.4218512898328,,157.46965996735477,294.27627134789947,,362.8633524195532,230.7235518695908,,232.9911940882937,190.74297491186977,
2,2762,,710.3443305384261,296.5633312438392,,723.3216479131977,245.15297998070142,,731.9054891836629,226.67872420187183,,844.819348650237,254.80308845172982,,606.5018702574945,280.92095964992154,,806.7318852736461,188.52218259123381,,677.9232278798436,216.61518304610513,
3,2762,,1017.446911235104,262.6752876525572,,1000.2737264185571,231.9072623107315,,992.1283499112963,200.98846307939004,,1101.110450998467,235.636366339869,,857.9407364062204,281.9851814926363,,1047.2983415980834,171.264193876461,,920.6377427338139,180.75487098730648,
1,2843,,275.41564546295496,344.732604941346,,282.6841934475111,276.4130426569465,,291.0338496511966,246.61686534973754,,403.0049274214069,288.4218512898327,,157.46965996735477,294.27627134789947,,359.9498471084758,228.78121499553922,,234.93353096234526,186.85830116376658,
2,2843,,710.3443305384261,296.5633312438392,,723.3216479131977,245.15297998070142,,731.9054891836629,226.67872420187183,,845.7905170872627,254.80308845172982,,606.5018702574945,280.92095964992154,,809.6453905847233,187.55101415420802,,673.0673856947146,216.61518304610513,
3,2843,,1017.446911235104,262.6752876525572,,1000.2737264185571,231.9072623107315,,992.1283499112963,200.98846307939004,,1101.110450998467,235.636366339869,,863.767747028375,281.0140130556106,,1045.3560047240317,167.37952012835783,,926.4647533559686,173.9566919281259,
1,2923,,275.41564546295496,344.732604941346,,282.6841934475111,276.4130426569465,,291.0338496511966,246.61686534973754,,403.0049274214069,288.4218512898327,,157.46965996735477,294.27627134789947,,358.0075102344242,227.81004655851342,,234.93353096234526,186.85830116376658,
2,2923,,710.3443305384261,296.5633312438392,,723.3216479131977,245.15297998070142,,731.9054891836629,226.67872420187183,,845.7905170872627,254.80308845172982,,606.5018702574945,280.92095964992154,,812.5588958958006,184.63750884313066,,673.0673856947146,216.61518304610513,
3,2923,,1017.446911235104,262.6752876525572,,1000.2737264185571,231.9072623107315,,992.1283499112963,200.98846307939004,,1101.110450998467,235.636366339869,,863.767747028375,281.0140130556106,,1044.3848362870056,163.49484638025464,,926.4647533559687,169.10084974299696,
1,3005,,275.41564546295496,344.732604941346,,282.6841934475111,276.4130426569465,,291.0338496511966,246.61686534973754,,403.0049274214069,288.4218512898327,,157.46965996735477,294.27627134789947,,359.9498471084758,225.8677096844618,,234.93353096234526,186.85830116376658,
2,3005,,710.3443305384261,296.5633312438392,,723.3216479131977,245.15297998070142,,731.9054891836629,226.67872420187183,,845.7905170872627,254.80308845172982,,606.5018702574945,280.92095964992154,,810.6165590217488,180.75283509502745,,673.0673856947146,216.61518304610513,
3,3005,,1017.446911235104,262.6752876525572,,1002.2160632926085,231.9072623107315,,992.1283499112963,200.98846307939004,,1102.0816194354927,239.52104008797224,,863.7677470283749,276.1581708704816,,1044.3848362870056,155.72549888404828,,926.4647533559688,165.21617599489375,
1,3085,,275.41564546295496,344.732604941346,,282.6841934475111,276.4130426569465,,291.0338496511966,246.61686534973754,,403.0049274214069,284.5371775417295,,157.46965996735477,294.27627134789947,,365.7768577306306,222.95420437338436,,233.96236252531943,183.94479585268923,
2,3085,,710.3443305384261,296.5633312438392,,723.3216479131977,245.15297998070142,,731.9054891836629,226.67872420187183,,845.7905170872627,254.80308845172982,,606.5018702574945,280.92095964992154,,810.6165590217488,180.75283509502745,,673.0673856947146,216.61518304610513,
3,3085,,1017.446911235104,262.6752876525572,,1002.2160632926085,231.9072623107315,,992.1283499112963,200.98846307939004,,1102.0816194354927,239.52104008797224,,863.7677470283749,276.1581708704816,,1044.3848362870056,155.72549888404828,,926.4647533559688,165.21617599489375,
1,3166,,275.41564546295496,344.732604941346,,282.6841934475111,276.4130426569465,,291.0338496511966,246.61686534973754,,403.0049274214069,284.5371775417295,,157.46965996735477,294.27627134789947,,365.7768577306306,222.95420437338436,,233.96236252531943,183.94479585268923,
2,3166,,710.3443305384261,296.5633312438392,,723.3216479131977,245.15297998070142,,731.9054891836629,226.67872420187183,,845.7905170872627,254.80308845172982,,606.5018702574945,280.92095964992154,,810.6165590217488,176.86816134692427,,679.8655647538951,220.49985679420834,
3,3166,,1017.446911235104,262.6752876525572,,1002.2160632926085,231.9072623107315,,992.1283499112963,200.98846307939004,,1102.0816194354927,239.52104008797224,,863.7677470283749,276.1581708704816,,1044.3848362870056,153.78316200999672,,926.4647533559688,165.21617599489375,
1,3246,,275.41564546295496,344.732604941346,,282.6841934475111,276.4130426569465,,291.0338496511966,246.61686534973754,,403.0049274214068,281.623672230652,,157.46965996735477,294.27627134789947,,365.7768577306305,218.09836218825544,,232.9911940882936,180.06012210458601,
2,3246,,710.3443305384261,296.5633312438392,,723.3216479131977,245.15297998070142,,731.9054891836629,226.67872420187183,,845.7905170872627,254.80308845172982,,606.5018702574945,280.92095964992154,,810.6165590217488,176.86816134692427,,679.8655647538951,220.49985679420834,
3,3246,,1017.446911235104,262.6752876525572,,1002.2160632926085,231.9072623107315,,992.1283499112963,200.98846307939004,,1102.0816194354925,243.4057138360754,,863.7677470283749,276.1581708704816,,1044.3848362870056,151.84082513594512,,926.4647533559688,164.24500755786798,
1,3327,,275.41564546295496,344.732604941346,,282.6841934475111,276.4130426569465,,291.0338496511966,246.61686534973754,,403.0049274214068,281.623672230652,,157.46965996735474,297.1897766589768,,365.7768577306305,218.09836218825544,,232.9911940882936,180.06012210458601,
2,3327,,710.3443305384261,296.5633312438392,,723.3216479131977,245.15297998070142,,731.9054891836629,226.67872420187183,,845.7905170872627,250.91841470362664,,606.5018702574945,280.92095964992154,,810.6165590217488,176.86816134692427,,679.8655647538951,220.49985679420834,
3,3327,,1017.446911235104,262.6752876525572,,1002.2160632926085,231.9072623107315,,992.1283499112963,200.98846307939004,,1102.0816194354925,243.4057138360754,,863.7677470283749,273.2446655594043,,1044.3848362870053,147.9561513878419,,926.4647533559688,164.24500755786798,
1,3407,,275.41564546295496,344.732604941346,,282.6841934475111,276.4130426569465,,291.0338496511966,246.61686534973754,,403.0049274214068,281.623672230652,,157.46965996735474,297.1897766589768,,366.74802616765635,222.95420437338439,,232.9911940882936,180.06012210458601,
2,3407,,710.3443305384261,296.5633312438392,,723.3216479131977,245.15297998070142,,731.9054891836629,226.67872420187183,,845.7905170872627,250.91841470362664,,606.5018702574945,280.92095964992154,,810.6165590217488,176.86816134692427,,679.8655647538951,220.49985679420834,
3,3407,,1017.446911235104,262.6752876525572,,1002.2160632926085,231.9072623107315,,992.1283499112963,200.98846307939004,,1102.0816194354925,243.4057138360754,,863.7677470283749,273.2446655594043,,1044.3848362870053,147.9561513878419,,926.4647533559688,164.24500755786798,
1,3488,,275.41564546295496,344.732604941346,,282.6841934475111,276.4130426569465,,291.0338496511966,246.61686534973754,,404.94726429545847,281.62367223065195,,157.46965996735474,300.1032819700541,,366.74802616765635,222.95420437338439,,236.87586783639676,184.915964289715,
2,3488,,710.3443305384261,296.5633312438392,,723.3216479131977,245.15297998070142,,731.9054891836629,226.67872420187183,,845.7905170872627,250.91841470362664,,606.5018702574945,280.92095964992154,,810.6165590217488,176.86816134692427,,679.8655647538951,220.49985679420834,
3,3488,,1017.446911235104,262.6752876525572,,1002.2160632926085,231.9072623107315,,992.1283499112963,200.98846307939004,,1098.196945687389,245.34805071012698,,863.7677470283749,273.2446655594043,,1044.3848362870053,147.9561513878419,,922.5800796078656,158.41799693571318,
1,3569,,275.41564546295496,344.732604941346,,282.6841934475111,276.4130426569465,,291.0338496511966,246.61686534973754,,404.94726429545847,281.62367223065195,,157.46965996735474,300.1032819700541,,364.8056892936047,224.89654124743598,,236.87586783639676,184.915964289715,
2,3569,,710.3443305384261,296.5633312438392,,723.3216479131977,245.15297998070142,,731.9054891836629,226.67872420187183,,845.7905170872627,253.83192001470405,,606.5018702574945,280.92095964992154,,809.6453905847229,179.78166665800165,,679.8655647538951,220.49985679420834,
3,3569,,1017.446911235104,262.6752876525572,,1002.2160632926085,231.9072623107315,,992.1283499112963,200.98846307939004,,1098.196945687389,245.34805071012698,,863.7677470283749,273.2446655594043,,1048.2695100351084,152.81199357297092,,922.5800796078656,168.12968130597116,
1,3649,,275.41564546295496,344.732604941346,,282.6841934475111,276.4130426569465,,291.0338496511966,246.61686534973754,,410.77427491761324,291.33535660090985,,157.46965996735474,300.1032819700541,,364.80568929360476,227.81004655851333,,236.8758678363968,191.71414334889556,
2,3649,,710.3443305384261,296.5633312438392,,730.1198269723782,250.9799906028562,,731.9054891836629,226.67872420187183,,845.7905170872627,253.83192001470405,,606.5018702574945,280.92095964992154,,809.6453905847229,179.78166665800165,,678.8943963168695,225.3556989793373,
3,3649,,1017.446911235104,262.6752876525572,,1002.2160632926085,231.9072623107315,,992.1283499112963,200.98846307939004,,1098.196945687389,245.34805071012698,,863.7677470283749,273.2446655594043,,1049.2406784721343,156.6966673210741,,919.6665742967883,170.0720181800228,
1,3730,,275.41564546295496,344.732604941346,,282.6841934475111,276.4130426569465,,291.0338496511966,246.61686534973754,,410.77427491761324,291.33535660090985,,157.46965996735474,300.1032819700541,,364.80568929360476,227.81004655851333,,236.8758678363968,191.71414334889556,
2,3730,,710.3443305384261,296.5633312438392,,730.1198269723782,250.9799906028562,,731.9054891836629,226.67872420187183,,848.70402239834,264.51477282198783,,606.5018702574945,280.92095964992154,,809.6453905847229,183.66634040610484,,675.9808910057922,224.3845305423115,
3,3730,,1017.446911235104,262.6752876525572,,1002.2160632926085,231.9072623107315,,992.1283499112963,200.98846307939004,,1098.196945687389,245.34805071012698,,863.7677470283749,273.2446655594043,,1049.2406784721343,156.6966673210741,,919.6665742967884,173.95669192812596,
1,3810,,275.41564546295496,344.732604941346,,282.6841934475111,276.4130426569465,,291.0338496511966,246.61686534973754,,407.8607696065358,292.3065250379356,,154.55615465627733,298.16094509600254,,364.8056892936048,226.83887812148757,,236.8758678363968,191.71414334889556,
2,3810,,710.3443305384261,296.5633312438392,,730.1198269723782,250.9799906028562,,731.9054891836629,226.67872420187183,,848.70402239834,264.51477282198783,,606.5018702574945,280.92095964992154,,810.6165590217487,189.49335102825964,,675.9808910057922,224.3845305423115,
3,3810,,1017.446911235104,262.6752876525572,,1002.2160632926085,231.9072623107315,,992.1283499112963,200.98846307939004,,1098.196945687389,245.34805071012698,,863.7677470283749,273.2446655594043,,1049.2406784721343,156.6966673210741,,919.6665742967884,173.95669192812596,
1,3891,,275.41564546295496,344.732604941346,,282.6841934475111,276.4130426569465,,291.0338496511966,246.61686534973754,,407.8607696065358,292.3065250379356,,154.55615465627733,293.30510291087353,,364.8056892936048,226.83887812148757,,236.8758678363968,191.71414334889556,
2,3891,,710.3443305384261,296.5633312438392,,730.1198269723782,250.9799906028562,,731.9054891836629,226.67872420187183,,848.70402239834,264.51477282198783,,606.5018702574945,280.92095964992154,,810.6165590217487,189.49335102825964,,675.9808910057922,218.55751992015672,
3,3891,,1017.446911235104,262.6752876525572,,1002.2160632926085,231.9072623107315,,992.1283499112963,200.98846307939004,,1098.196945687389,245.34805071012698,,860.8542417172974,274.2158339964301,,1054.0965206572635,159.61017263215152,,917.7242374227369,172.01435505407437,
1,3971,,275.41564546295496,344.732604941346,,282.6841934475111,276.4130426569465,,291.0338496511966,246.61686534973754,,407.8607696065358,292.3065250379356,,154.55615465627733,290.3915975997962,,366.7480261676564,223.9253728104102,,232.9911940882936,189.7718064748439,
2,3971,,710.3443305384261,296.5633312438392,,730.1198269723782,250.9799906028562,,731.9054891836629,226.67872420187183,,848.70402239834,264.51477282198783,,606.5018702574945,280.92095964992154,,813.530064332826,184.63750884313066,,678.8943963168696,211.75934086097612,
3,3971,,1017.446911235104,262.6752876525572,,1002.2160632926085,231.9072623107315,,992.1283499112963,200.98846307939004,,1098.196945687389,245.34805071012698,,860.8542417172974,274.2158339964301,,1054.0965206572635,159.61017263215152,,920.6377427338143,172.01435505407434,
1,4051,,275.41564546295496,344.732604941346,,282.6841934475111,276.4130426569465,,291.0338496511966,246.61686534973754,,405.91843273248423,297.16236722306456,,154.55615465627733,290.3915975997962,,366.7480261676564,223.9253728104102,,232.9911940882936,189.7718064748439,
2,4051,,710.3443305384261,296.5633312438392,,730.1198269723782,250.9799906028562,,731.9054891836629,226.67872420187183,,842.8770117761853,266.45710969603937,,606.5018702574945,280.92095964992154,,816.4435696439032,189.49335102825964,,683.7502385019985,204.96116180179555,
3,4051,,1017.446911235104,262.6752876525572,,1002.2160632926085,231.9072623107315,,992.1283499112963,200.98846307939004,,1101.1104509984666,232.72286102879164,,856.9695679691944,270.33116024832697,,1059.923531279418,165.4371832543063,,920.6377427338143,172.01435505407434,
1,4132,,275.41564546295496,344.732604941346,,282.6841934475111,276.4130426569465,,291.0338496511966,246.61686534973754,,405.91843273248423,297.16236722306456,,155.52732309330312,294.27627134789935,,366.7480261676564,220.040699062307,,232.9911940882936,189.7718064748439,
2,4132,,710.3443305384261,296.5633312438392,,725.2639847872491,250.00882216583042,,731.9054891836629,226.67872420187183,,842.8770117761853,266.45710969603937,,606.5018702574945,278.0074543388442,,816.4435696439032,189.49335102825964,,683.7502385019985,204.96116180179555,
3,4132,,1017.446911235104,262.6752876525572,,1002.2160632926085,231.9072623107315,,992.1283499112963,200.98846307939004,,1096.2546088133377,221.06883978448212,,852.1137257840654,267.41765493724955,,1059.923531279418,165.4371832543063,,920.6377427338142,170.07201818002275,
1,4213,,275.41564546295496,344.732604941346,,282.6841934475111,276.4130426569465,,291.0338496511966,246.61686534973754,,405.91843273248423,297.16236722306456,,155.52732309330312,294.27627134789935,,366.7480261676564,220.040699062307,,232.9911940882936,189.7718064748439,
2,4213,,710.3443305384261,296.5633312438392,,725.2639847872491,250.00882216583042,,731.9054891836629,226.67872420187183,,842.8770117761853,266.45710969603937,,606.5018702574945,278.0074543388442,,816.4435696439032,189.49335102825964,,683.7502385019985,204.96116180179555,
3,4213,,1017.446911235104,262.6752876525572,,1002.2160632926085,231.9072623107315,,992.1283499112963,200.98846307939004,,1098.1969456873892,230.78052415474008,,852.1137257840654,263.5329811891464,,1059.923531279418,165.4371832543063,,920.6377427338142,170.07201818002275,
1,4293,,275.41564546295496,344.732604941346,,282.6841934475111,276.4130426569465,,291.0338496511966,246.61686534973754,,405.91843273248423,292.30652503793556,,157.4696599673547,300.10328197005407,,365.77685773063064,213.24252000312637,,228.13535190316463,193.65648022294715,
2,4293,,710.3443305384261,296.5633312438392,,725.2639847872491,250.00882216583042,,731.9054891836629,226.67872420187183,,842.8770117761852,262.5724359479362,,606.5018702574945,278.0074543388442,,816.4435696439032,189.49335102825964,,683.7502385019985,204.96116180179555,
3,4293,,1017.446911235104,262.6752876525572,,1002.2160632926085,231.9072623107315,,992.1283499112963,200.98846307939004,,1098.196945687389,234.66519790284335,,852.1137257840654,263.5329811891464,,1059.923531279418,165.4371832543063,,920.6377427338142,170.07201818002275,
1,4374,,275.41564546295496,344.732604941346,,282.6841934475111,276.4130426569465,,287.1491759030934,247.58803378676333,,403.97609585843264,293.2776934749614,,157.4696599673547,306.90146102923467,,365.77685773063064,213.24252000312637,,228.13535190316463,193.65648022294715,
2,4374,,710.3443305384261,296.5633312438392,,725.2639847872491,250.00882216583042,,731.9054891836629,226.67872420187183,,842.8770117761852,262.5724359479362,,606.5018702574945,278.0074543388442,,811.5877274587743,184.63750884313063,,683.7502385019986,211.75934086097615,
3,4374,,1017.446911235104,262.6752876525572,,1002.2160632926085,231.9072623107315,,992.1283499112963,200.98846307939004,,1100.1392825614407,243.40571383607553,,860.8542417172977,264.50414962617225,,1059.923531279418,165.4371832543063,,920.6377427338142,170.07201818002275,
1,4454,,275.41564546295496,344.732604941346,,282.6841934475111,276.4130426569465,,287.1491759030934,247.58803378676333,,402.03375898438105,298.13353566009033,,157.4696599673547,306.90146102923467,,364.80568929360487,221.01186749933274,,228.13535190316463,193.65648022294715,
2,4454,,710.3443305384261,296.5633312438392,,725.2639847872491,250.00882216583042,,731.9054891836629,226.67872420187183,,842.8770117761852,262.5724359479362,,606.5018702574945,278.0074543388442,,815.4724012068775,185.60867728015643,,683.7502385019986,211.75934086097615,
3,4454,,1017.446911235104,262.6752876525572,,1002.2160632926085,231.9072623107315,,992.1283499112963,200.98846307939004,,1100.1392825614407,243.40571383607553,,860.8542417172976,270.331160248327,,1060.8946997164435,162.52367794322893,,920.6377427338142,170.07201818002275,
1,4536,,275.41564546295496,344.732604941346,,282.6841934475111,276.4130426569465,,287.1491759030934,247.58803378676333,,402.03375898438105,298.13353566009033,,157.4696599673547,306.90146102923467,,364.80568929360487,221.01186749933274,,228.13535190316463,193.65648022294715,
2,4536,,710.3443305384261,296.5633312438392,,725.2639847872491,250.00882216583042,,731.9054891836629,226.67872420187183,,842.8770117761852,262.5724359479362,,606.5018702574945,278.0074543388442,,815.4724012068775,185.60867728015643,,683.7502385019986,211.75934086097615,
3,4536,,1017.446911235104,262.6752876525572,,1002.2160632926085,231.9072623107315,,992.1283499112963,200.98846307939004,,1100.1392825614407,243.40571383607553,,860.8542417172976,270.331160248327,,1051.1830153461856,171.26419387646112,,920.6377427338142,170.07201818002275,
1,4616,,275.41564546295496,344.732604941346,,282.6841934475111,276.4130426569465,,287.1491759030934,247.58803378676333,,402.03375898438105,298.13353566009033,,157.4696599673547,306.90146102923467,,364.80568929360487,221.01186749933274,,228.13535190316463,193.65648022294715,
2,4616,,710.3443305384261,296.5633312438392,,725.2639847872491,250.00882216583042,,731.9054891836629,226.67872420187183,,842.8770117761852,262.5724359479362,,606.5018702574945,278.0074543388442,,815.4724012068775,185.60867728015643,,683.7502385019986,211.75934086097615,
3,4616,,1017.446911235104,262.6752876525572,,1002.2160632926085,231.9072623107315,,992.1283499112963,200.98846307939004,,1100.1392825614407,243.40571383607553,,860.8542417172976,270.331160248327,,1051.1830153461856,171.26419387646112,,920.6377427338142,170.07201818002275,
1,4697,,275.41564546295496,344.732604941346,,282.6841934475111,276.4130426569465,,287.1491759030934,247.58803378676333,,402.03375898438105,298.13353566009033,,157.46965996735472,303.9879557181573,,364.80568929360487,221.01186749933274,,228.13535190316463,193.65648022294715,
2,4697,,710.3443305384261,296.5633312438392,,725.2639847872491,250.00882216583042,,731.9054891836629,226.67872420187183,,842.8770117761852,258.68776219983306,,606.5018702574945,278.0074543388442,,815.4724012068775,185.60867728015643,,683.7502385019986,211.75934086097615,
3,4697,,1017.446911235104,262.6752876525572,,1002.2160632926085,231.9072623107315,,992.1283499112963,200.98846307939004,,1100.1392825614407,243.40571383607553,,860.8542417172976,270.331160248327,,1051.1830153461856,166.40835169133211,,920.6377427338142,170.07201818002275,
1,4777,,275.41564546295496,344.732604941346,,282.6841934475111,276.4130426569465,,287.1491759030934,247.58803378676333,,402.033758984381,294.2488619119872,,162.3255021524837,299.13211353302825,,366.7480261676565,225.86770968446172,,228.13535190316463,193.65648022294715,
2,4777,,710.3443305384261,296.5633312438392,,725.2639847872491,250.00882216583042,,731.9054891836629,226.67872420187183,,842.8770117761852,258.68776219983306,,606.5018702574945,278.0074543388442,,815.4724012068775,185.60867728015643,,683.7502385019986,211.75934086097615,
3,4777,,1017.446911235104,262.6752876525572,,1002.2160632926085,231.9072623107315,,992.1283499112963,200.98846307939004,,1100.1392825614407,249.23272445823034,,860.8542417172976,270.331160248327,,1051.1830153461856,164.46601481728047,,920.6377427338142,170.07201818002275,
1,4858,,275.41564546295496,344.732604941346,,282.6841934475111,276.4130426569465,,287.1491759030934,247.58803378676333,,402.033758984381,294.2488619119872,,162.3255021524837,299.13211353302825,,366.7480261676565,225.86770968446172,,228.13535190316463,193.65648022294715,
2,4858,,710.3443305384261,296.5633312438392,,725.2639847872491,250.00882216583042,,731.9054891836629,226.67872420187183,,842.8770117761852,258.68776219983306,,606.5018702574945,278.0074543388442,,815.4724012068775,185.60867728015643,,683.7502385019986,211.75934086097615,
3,4858,,1017.446911235104,262.6752876525572,,1002.2160632926085,231.9072623107315,,992.1283499112963,200.98846307939004,,1100.1392825614407,249.23272445823034,,860.8542417172976,270.331160248327,,1051.1830153461856,164.46601481728047,,920.6377427338142,170.07201818002275,
1,4938,,275.41564546295496,344.732604941346,,282.6841934475111,276.4130426569465,,287.1491759030934,247.58803378676333,,402.033758984381,294.2488619119872,,162.3255021524837,299.13211353302825,,368.6903630417081,223.92537281041012,,228.13535190316466,188.80063803781815,
2,4938,,710.3443305384261,296.5633312438392,,725.2639847872491,250.00882216583042,,731.9054891836629,226.67872420187183,,842.8770117761852,258.68776219983306,,606.5018702574945,278.0074543388442,,815.4724012068774,183.66634040610484,,683.7502385019986,211.75934086097615,
3,4938,,1017.446911235104,262.6752876525572,,1002.2160632926085,231.9072623107315,,992.1283499112963,200.98846307939004,,1100.1392825614407,249.23272445823034,,860.8542417172976,270.331160248327,,1051.1830153461856,160.58134106917726,,921.6089111708401,161.3315022467906,
1,5019,,275.41564546295496,344.732604941346,,282.6841934475111,276.4130426569465,,287.1491759030934,247.58803378676333,,402.033758984381,294.2488619119872,,162.3255021524837,299.13211353302825,,368.6903630417081,223.92537281041012,,228.13535190316466,188.80063803781815,
2,5019,,710.3443305384261,296.5633312438392,,725.2639847872491,250.00882216583042,,731.9054891836629,226.67872420187183,,842.8770117761852,258.68776219983306,,606.5018702574945,278.0074543388442,,815.4724012068775,180.75283509502748,,683.7502385019988,217.58635148313095,
3,5019,,1017.446911235104,262.6752876525572,,1002.2160632926085,231.9072623107315,,992.1283499112963,200.98846307939004,,1100.1392825614407,249.23272445823034,,860.8542417172976,270.331160248327,,1052.1541837832115,154.75433044702248,,921.6089111708401,158.4179969357132,
1,5100,,275.41564546295496,344.732604941346,,282.6841934475111,276.4130426569465,,287.1491759030934,247.58803378676333,,402.033758984381,294.2488619119872,,158.44082840438048,304.9591241551831,,367.7191946046823,216.15602531420376,,234.93353096234523,180.060122104586,
2,5100,,710.3443305384261,296.5633312438392,,725.2639847872491,250.00882216583042,,731.9054891836629,226.67872420187183,,842.8770117761851,257.7165937628073,,606.5018702574945,278.0074543388442,,815.4724012068775,180.75283509502748,,683.7502385019988,217.58635148313095,
3,5100,,1017.446911235104,262.6752876525572,,1002.2160632926085,231.9072623107315,,992.1283499112963,200.98846307939004,,1100.1392825614407,249.23272445823034,,860.8542417172976,275.1870024334561,,1052.1541837832115,150.86965669891933,,921.6089111708401,158.4179969357132,
1,5180,,275.41564546295496,344.732604941346,,282.6841934475111,276.4130426569465,,287.1491759030934,247.58803378676333,,403.9760958584326,290.3641881638841,,158.44082840438048,304.9591241551831,,367.7191946046823,215.18485687717794,,234.93353096234523,180.060122104586,
2,5180,,710.3443305384261,296.5633312438392,,725.2639847872491,250.00882216583042,,731.9054891836629,226.67872420187183,,842.8770117761852,253.8319200147041,,606.5018702574945,278.0074543388442,,809.6453905847227,173.9546560358469,,683.7502385019988,217.58635148313095,
3,5180,,1017.446911235104,262.6752876525572,,1002.2160632926085,231.9072623107315,,992.1283499112963,200.98846307939004,,1100.1392825614407,249.23272445823034,,860.8542417172976,275.1870024334561,,1052.1541837832115,150.86965669891933,,924.5224164819174,151.6198178765326,
1,5260,,275.41564546295496,344.732604941346,,282.6841934475111,276.4130426569465,,287.1491759030934,247.58803378676333,,403.9760958584326,290.3641881638841,,158.44082840438048,304.9591241551831,,367.7191946046823,215.18485687717794,,234.93353096234523,180.060122104586,
2,5260,,710.3443305384261,296.5633312438392,,725.2639847872491,250.00882216583042,,731.9054891836629,226.67872420187183,,842.8770117761852,253.8319200147041,,606.5018702574945,278.0074543388442,,809.6453905847227,173.9546560358469,,683.7502385019988,217.58635148313095,
3,5260,,1017.446911235104,262.6752876525572,,1002.2160632926085,231.9072623107315,,992.1283499112963,200.98846307939004,,1100.1392825614407,249.23272445823034,,860.8542417172976,275.1870024334561,,1052.1541837832115,146.98498295081617,,924.5224164819174,151.6198178765326,
1,5341,,275.41564546295496,344.732604941346,,282.6841934475111,276.4130426569465,,287.1491759030934,247.58803378676333,,403.9760958584326,290.3641881638841,,158.44082840438048,304.9591241551831,,367.7191946046823,215.18485687717794,,234.93353096234523,180.060122104586,
2,5341,,710.3443305384261,296.5633312438392,,725.2639847872491,250.00882216583042,,731.9054891836629,226.67872420187183,,842.8770117761852,259.65893063685894,,622.0405652499073,299.37315995341163,,809.6453905847227,173.9546560358469,,683.7502385019988,217.58635148313095,
3,5341,,1017.446911235104,262.6752876525572,,1002.2160632926085,231.9072623107315,,992.1283499112963,200.98846307939004,,1100.1392825614407,249.23272445823034,,860.8542417172976,275.1870024334561,,1052.1541837832115,146.98498295081617,,924.5224164819174,151.6198178765326,
1,5421,,275.41564546295496,344.732604941346,,282.6841934475111,276.4130426569465,,287.1491759030934,247.58803378676333,,403.9760958584326,295.2200303490131,,159.41199684140625,312.72847165138944,,367.7191946046823,221.0118674993327,,234.9335309623452,182.00245897863755,
2,5421,,710.3443305384261,296.5633312438392,,725.2639847872491,250.00882216583042,,731.9054891836629,226.67872420187183,,842.8770117761851,265.4859412590138,,622.0405652499073,299.37315995341163,,809.6453905847227,173.9546560358469,,683.7502385019988,217.58635148313095,
3,5421,,1017.446911235104,262.6752876525572,,1002.2160632926085,231.9072623107315,,992.1283499112963,200.98846307939004,,1100.1392825614407,249.23272445823034,,860.8542417172976,275.1870024334561,,1052.1541837832115,146.98498295081617,,924.5224164819174,154.53332318761,
1,5502,,275.41564546295496,344.732604941346,,282.6841934475111,276.4130426569465,,287.1491759030934,247.58803378676333,,403.9760958584326,295.2200303490131,,158.44082840438045,307.8726294662604,,367.7191946046823,222.95420437338427,,234.9335309623452,182.97362741566332,
2,5502,,710.3443305384261,296.5633312438392,,725.2639847872491,250.00882216583042,,731.9054891836629,226.67872420187183,,842.8770117761851,265.4859412590138,,622.0405652499073,299.37315995341163,,809.6453905847227,173.9546560358469,,679.8655647538956,215.64401460907936,
3,5502,,1017.446911235104,262.6752876525572,,1002.2160632926085,231.9072623107315,,992.1283499112963,200.98846307939004,,1100.1392825614407,249.23272445823034,,856.9695679691943,274.21583399643026,,1052.1541837832115,146.98498295081617,,924.5224164819174,154.53332318761,
1,5583,,275.41564546295496,344.732604941346,,282.6841934475111,276.4130426569465,,287.1491759030934,247.58803378676333,,407.86076960653577,296.19119878603885,,157.46965996735466,305.9302925922088,,367.7191946046823,222.95420437338427,,234.9335309623452,182.97362741566332,
2,5583,,710.3443305384261,296.5633312438392,,725.2639847872491,250.00882216583042,,731.9054891836629,226.67872420187183,,850.6463592723915,256.74542532578164,,622.0405652499073,299.37315995341163,,809.6453905847227,173.9546560358469,,679.8655647538956,210.78817242395036,
3,5583,,1017.446911235104,262.6752876525572,,1002.2160632926085,231.9072623107315,,992.1283499112963,200.98846307939004,,1100.1392825614407,249.23272445823034,,854.0560626581167,269.35999181130126,,1052.1541837832115,153.78316200999672,,924.5224164819174,154.53332318761,
1,5663,,275.41564546295496,344.732604941346,,282.6841934475111,276.4130426569465,,287.1491759030934,247.58803378676333,,415.63011710274213,282.59484066767766,,155.52732309330307,300.103281970054,,367.7191946046823,222.95420437338427,,234.9335309623452,182.97362741566332,
2,5663,,710.3443305384261,296.5633312438392,,725.2639847872491,250.00882216583042,,731.9054891836629,226.67872420187183,,850.6463592723915,250.91841470362684,,621.0693968128816,297.43082307936004,,811.5877274587743,180.75283509502745,,679.8655647538956,210.78817242395036,
3,5663,,1017.446911235104,262.6752876525572,,1002.2160632926085,231.9072623107315,,992.1283499112963,200.98846307939004,,1100.1392825614407,243.40571383607556,,851.1425573470393,265.47531806319813,,1058.952362842392,153.78316200999672,,924.5224164819174,154.53332318761,
1,5744,,275.41564546295496,344.732604941346,,282.6841934475111,276.4130426569465,,287.1491759030934,247.58803378676333,,415.6301171027421,277.73899848254865,,155.52732309330307,300.103281970054,,372.57503678981124,220.0406990623069,,234.93353096234523,186.85830116376647,
2,5744,,710.3443305384261,296.5633312438392,,725.2639847872491,250.00882216583042,,731.9054891836629,226.67872420187183,,850.6463592723915,250.91841470362684,,621.0693968128816,297.43082307936004,,811.5877274587743,187.55101415420802,,689.5772491241534,205.93233023882138,
3,5744,,1017.446911235104,262.6752876525572,,1002.2160632926085,231.9072623107315,,992.1283499112963,200.98846307939004,,1101.1104509984664,238.5498716509466,,851.1425573470393,262.5618127521208,,1064.779373464547,154.75433044702254,,924.5224164819173,158.41799693571315,
1,5824,,275.41564546295496,344.732604941346,,282.6841934475111,276.4130426569465,,287.1491759030934,247.58803378676333,,415.6301171027421,281.62367223065183,,155.52732309330307,296.2186082219509,,376.4597105379145,220.0406990623069,,232.02002565126784,187.82946960079224,
2,5824,,710.3443305384261,296.5633312438392,,725.2639847872491,250.00882216583042,,731.9054891836629,226.67872420187183,,850.6463592723915,250.91841470362684,,613.3000493166752,292.5749808942311,,811.5877274587743,187.55101415420802,,686.6637438130758,201.0764880536924,
3,5824,,1017.446911235104,262.6752876525572,,1002.2160632926085,231.9072623107315,,992.1283499112963,200.98846307939004,,1101.1104509984664,229.80935571771445,,853.0848942210908,255.76363369294018,,1064.7793734645468,166.4083516913321,,924.5224164819173,158.41799693571315,
1,5904,,275.41564546295496,344.732604941346,,282.6841934475111,276.4130426569465,,287.1491759030934,247.58803378676333,,415.6301171027421,281.62367223065183,,155.52732309330307,296.2186082219509,,376.4597105379145,220.0406990623069,,232.02002565126784,187.82946960079224,
2,5904,,710.3443305384261,296.5633312438392,,725.2639847872491,250.00882216583042,,731.9054891836629,226.67872420187183,,850.6463592723915,250.91841470362684,,613.3000493166752,292.5749808942311,,811.5877274587743,187.55101415420802,,686.6637438130758,201.0764880536924,
3,5904,,1017.446911235104,262.6752876525572,,1002.2160632926085,231.9072623107315,,992.1283499112963,200.98846307939004,,1101.1104509984664,229.80935571771445,,853.0848942210908,255.76363369294018,,1064.7793734645468,166.4083516913321,,924.5224164819173,158.41799693571315,
1,5985,,275.41564546295496,344.732604941346,,282.6841934475111,276.4130426569465,,287.1491759030934,247.58803378676333,,415.6301171027421,281.62367223065183,,155.52732309330307,296.2186082219509,,376.4597105379145,220.0406990623069,,232.02002565126784,187.82946960079224,
2,5985,,710.3443305384261,296.5633312438392,,725.2639847872491,250.00882216583042,,731.9054891836629,226.67872420187183,,850.6463592723915,250.91841470362684,,613.3000493166752,286.7479702720762,,811.5877274587743,187.55101415420802,,686.6637438130757,200.1053196166666,
3,5985,,1017.446911235104,262.6752876525572,,1002.2160632926085,231.9072623107315,,992.1283499112963,200.98846307939004,,1106.9374616206212,238.54987165094664,,853.0848942210908,255.76363369294018,,1062.8370365904952,172.23536231348686,,923.5512480448915,160.3603338097647,
1,6065,,275.41564546295496,344.732604941346,,282.6841934475111,276.4130426569465,,287.1491759030934,247.58803378676333,,415.6301171027421,281.62367223065183,,155.52732309330307,296.2186082219509,,376.4597105379145,220.0406990623069,,232.02002565126784,187.82946960079224,
2,6065,,710.3443305384261,296.5633312438392,,725.2639847872491,250.00882216583042,,731.9054891836629,226.67872420187183,,850.6463592723915,250.91841470362684,,613.3000493166752,286.7479702720762,,811.5877274587743,187.55101415420802,,686.6637438130757,200.1053196166666,
3,6065,,1017.446911235104,262.6752876525572,,1002.2160632926085,231.9072623107315,,992.1283499112963,200.98846307939004,,1106.9374616206212,238.54987165094664,,853.0848942210908,255.76363369294018,,1062.8370365904952,172.23536231348686,,923.5512480448915,160.3603338097647,
1,6146,,275.41564546295496,344.732604941346,,282.6841934475111,276.4130426569465,,287.1491759030934,247.58803378676333,,414.65894866571625,281.6236722306519,,154.5561546562773,295.24743978492506,,376.4597105379144,216.15602531420376,,232.02002565126784,187.82946960079224,
2,6146,,710.3443305384261,296.5633312438392,,725.2639847872491,250.00882216583042,,731.9054891836629,226.67872420187183,,851.6175277094171,245.09140408147206,,611.3577124426236,283.83446496099873,,811.5877274587743,190.46451946528538,,686.6637438130757,200.1053196166666,
3,6146,,1017.446911235104,262.6752876525572,,1002.2160632926085,231.9072623107315,,992.1283499112963,200.98846307939004,,1106.9374616206212,236.60753477689505,,853.0848942210908,255.76363369294018,,1062.8370365904952,172.23536231348686,,924.5224164819173,165.2161759948937,
1,6227,,275.41564546295496,344.732604941346,,282.6841934475111,276.4130426569465,,287.1491759030934,247.58803378676333,,414.65894866571625,281.6236722306519,,154.5561546562773,295.24743978492506,,376.4597105379144,216.15602531420376,,232.02002565126784,187.82946960079224,
2,6227,,710.3443305384261,296.5633312438392,,725.2639847872491,250.00882216583042,,731.9054891836629,226.67872420187183,,851.6175277094171,245.09140408147206,,611.3577124426236,283.83446496099873,,811.5877274587743,190.46451946528538,,686.6637438130757,200.1053196166666,
3,6227,,1017.446911235104,262.6752876525572,,1002.2160632926085,231.9072623107315,,992.1283499112963,200.98846307939004,,1106.9374616206212,236.60753477689505,,853.0848942210908,255.76363369294018,,1062.8370365904952,172.23536231348686,,924.5224164819173,165.2161759948937,
1,6307,,275.41564546295496,344.732604941346,,282.6841934475111,276.4130426569465,,287.1491759030934,247.58803378676333,,414.65894866571625,281.6236722306519,,154.5561546562773,295.24743978492506,,376.4597105379144,216.15602531420376,,232.02002565126784,187.82946960079224,
2,6307,,710.3443305384261,296.5633312438392,,725.2639847872491,250.00882216583042,,731.9054891836629,226.67872420187183,,851.6175277094171,245.09140408147206,,606.5018702574947,283.83446496099873,,811.5877274587743,190.46451946528538,,686.6637438130757,203.98999336476982,
3,6307,,1017.446911235104,262.6752876525572,,1002.2160632926085,231.9072623107315,,992.1283499112963,200.98846307939004,,1106.9374616206212,236.60753477689505,,853.0848942210908,255.76363369294018,,1062.8370365904952,180.97587824671902,,924.5224164819173,165.2161759948937,
1,6388,,275.41564546295496,344.732604941346,,282.6841934475111,276.4130426569465,,287.1491759030934,247.58803378676333,,414.65894866571625,281.6236722306519,,154.5561546562773,295.24743978492506,,379.3732158489918,219.06953062528112,,229.10652034019046,188.80063803781803,
2,6388,,710.3443305384261,296.5633312438392,,725.2639847872491,250.00882216583042,,731.9054891836629,226.67872420187183,,851.6175277094171,245.09140408147206,,606.5018702574947,283.83446496099873,,814.5012327698516,193.37802477636276,,688.6060806871275,202.04765649071823,
3,6388,,1017.446911235104,262.6752876525572,,1002.2160632926085,231.9072623107315,,992.1283499112963,200.98846307939004,,1106.9374616206212,236.60753477689505,,853.0848942210908,255.76363369294018,,1062.8370365904952,179.03354137266743,,923.5512480448915,164.24500755786786,
1,6469,,275.41564546295496,344.732604941346,,282.6841934475111,276.4130426569465,,287.1491759030934,247.58803378676333,,414.65894866571625,281.6236722306519,,154.5561546562773,295.24743978492506,,379.3732158489918,219.06953062528112,,229.10652034019046,188.80063803781803,
2,6469,,710.3443305384261,296.5633312438392,,725.2639847872491,250.00882216583042,,731.9054891836629,226.67872420187183,,851.6175277094171,245.09140408147206,,606.5018702574947,283.83446496099873,,814.5012327698516,193.37802477636276,,688.6060806871275,202.04765649071823,
3,6469,,1017.446911235104,262.6752876525572,,1002.2160632926085,231.9072623107315,,992.1283499112963,200.98846307939004,,1106.9374616206212,236.60753477689505,,853.0848942210908,255.76363369294018,,1062.8370365904952,179.03354137266743,,923.5512480448915,164.24500755786786,
1,6549,,275.41564546295496,344.732604941346,,282.6841934475111,276.4130426569465,,287.1491759030934,247.58803378676333,,414.65894866571625,281.6236722306519,,154.5561546562773,295.24743978492506,,379.3732158489918,219.06953062528112,,229.10652034019046,188.80063803781803,
2,6549,,710.3443305384261,296.5633312438392,,725.2639847872491,250.00882216583042,,731.9054891836629,226.67872420187183,,851.6175277094171,245.09140408147206,,606.5018702574947,283.83446496099873,,814.5012327698516,193.37802477636276,,688.6060806871275,202.04765649071823,
3,6549,,1017.446911235104,262.6752876525572,,1002.2160632926085,231.9072623107315,,992.1283499112963,200.98846307939004,,1106.9374616206212,236.60753477689505,,853.0848942210908,255.76363369294018,,1068.6640472126503,173.20653075051263,,923.5512480448915,164.24500755786786,
1,6629,,275.41564546295496,344.732604941346,,282.6841934475111,276.4130426569465,,287.1491759030934,247.58803378676333,,414.65894866571625,281.6236722306519,,154.5561546562773,295.24743978492506,,379.3732158489918,219.06953062528112,,237.84703627342262,180.06012210458584,
2,6629,,710.3443305384261,296.5633312438392,,725.2639847872491,250.00882216583042,,731.9054891836629,226.67872420187183,,851.6175277094171,245.09140408147206,,606.5018702574947,283.83446496099873,,814.5012327698516,193.37802477636276,,680.8367331909211,197.19181430558928,
3,6629,,1017.446911235104,262.6752876525572,,1002.2160632926085,231.9072623107315,,992.1283499112963,200.98846307939004,,1106.9374616206212,236.60753477689505,,853.0848942210908,255.76363369294018,,1068.6640472126503,164.46601481728047,,924.5224164819173,160.36033380976465,
1,6710,,275.41564546295496,344.732604941346,,282.6841934475111,276.4130426569465,,287.1491759030934,247.58803378676333,,414.65894866571625,281.6236722306519,,154.5561546562773,295.24743978492506,,369.6615314787338,218.0983621882553,,237.84703627342262,180.06012210458584,
2,6710,,710.3443305384261,296.5633312438392,,725.2639847872491,250.00882216583042,,731.9054891836629,226.67872420187183,,851.6175277094171,245.09140408147206,,606.5018702574947,283.83446496099873,,814.5012327698518,183.66634040610478,,680.8367331909211,197.19181430558928,
3,6710,,1017.446911235104,262.6752876525572,,1002.2160632926085,231.9072623107315,,992.1283499112963,200.98846307939004,,1101.1104509984661,239.5210400879724,,853.0848942210908,255.76363369294018,,1068.6640472126503,164.46601481728047,,924.5224164819173,157.44682849868727,
1,6791,,275.41564546295496,344.732604941346,,282.6841934475111,276.4130426569465,,287.1491759030934,247.58803378676333,,414.65894866571625,281.6236722306519,,154.5561546562773,295.24743978492506,,369.6615314787338,218.0983621882553,,237.84703627342262,180.06012210458584,
2,6791,,710.3443305384261,296.5633312438392,,725.2639847872491,250.00882216583042,,731.9054891836629,226.67872420187183,,854.5310330204944,248.0049093925494,,606.5018702574947,283.83446496099873,,810.6165590217485,177.83932978395,,679.8655647538953,208.8458355498988,
3,6791,,1017.446911235104,262.6752876525572,,1002.2160632926085,231.9072623107315,,992.1283499112963,200.98846307939004,,1101.1104509984661,239.5210400879724,,853.0848942210908,259.64830744104336,,1059.9235312794183,155.7254988840483,,924.5224164819173,157.44682849868727,
1,6872,,275.41564546295496,344.732604941346,,282.6841934475111,276.4130426569465,,287.1491759030934,247.58803378676333,,414.6589486657162,283.5660091047035,,156.4984915303289,296.2186082219508,,369.6615314787338,222.95420437338424,,237.84703627342262,180.06012210458584,
2,6872,,710.3443305384261,296.5633312438392,,725.2639847872491,250.00882216583042,,731.9054891836629,226.67872420187183,,854.5310330204943,254.80308845173,,606.5018702574947,283.83446496099873,,810.6165590217485,177.83932978395,,679.8655647538953,209.81700398692456,
3,6872,,1017.446911235104,262.6752876525572,,1002.2160632926085,231.9072623107315,,992.1283499112963,200.98846307939004,,1101.1104509984661,239.5210400879724,,853.0848942210908,259.64830744104336,,1059.9235312794183,155.7254988840483,,919.6665742967882,157.44682849868724,
1,6953,,275.41564546295496,344.732604941346,,282.6841934475111,276.4130426569465,,287.1491759030934,247.58803378676333,,413.6877802286903,287.45068285280666,,156.4984915303289,296.2186082219508,,369.6615314787338,222.95420437338424,,231.048857214242,179.08895366756002,
2,6953,,710.3443305384261,296.5633312438392,,725.2639847872491,250.00882216583042,,731.9054891836629,226.67872420187183,,854.5310330204943,254.80308845173,,606.5018702574947,283.83446496099873,,810.6165590217485,177.83932978395,,679.8655647538953,209.81700398692456,
3,6953,,1017.446911235104,262.6752876525572,,1002.2160632926085,231.9072623107315,,992.1283499112963,200.98846307939004,,1104.0239563095433,244.3768822731014,,853.0848942210908,272.2734971223787,,1059.9235312794183,155.7254988840483,,919.6665742967882,157.44682849868724,
1,7033,,275.41564546295496,344.732604941346,,282.6841934475111,276.4130426569465,,287.1491759030934,247.58803378676333,,413.6877802286903,287.45068285280666,,151.64264934519989,288.4492607257443,,369.6615314787338,222.95420437338424,,231.048857214242,179.08895366756002,
2,7033,,710.3443305384261,296.5633312438392,,725.2639847872491,250.00882216583042,,731.9054891836629,226.67872420187183,,854.5310330204943,260.63009907388476,,606.5018702574947,283.83446496099873,,810.6165590217485,177.83932978395,,674.0385541317404,213.70167773502774,
3,7033,,1017.446911235104,262.6752876525572,,1002.2160632926085,231.9072623107315,,992.1283499112963,200.98846307939004,,1104.0239563095433,244.3768822731014,,862.7965785913487,280.0428446185851,,1059.9235312794183,155.7254988840483,,919.6665742967882,157.44682849868724,
1,7113,,275.41564546295496,344.732604941346,,282.6841934475111,276.4130426569465,,287.1491759030934,247.58803378676333,,413.6877802286903,294.2488619119872,,151.6426493451999,284.56458697764117,,372.5750367898112,222.95420437338424,,228.1353519031646,181.03129054161164,
2,7113,,710.3443305384261,296.5633312438392,,725.2639847872491,250.00882216583042,,731.9054891836629,226.67872420187183,,854.5310330204943,260.63009907388476,,606.5018702574947,283.83446496099873,,810.6165590217485,182.69517196907898,,674.0385541317404,213.70167773502774,
3,7113,,1017.446911235104,262.6752876525572,,1002.2160632926085,231.9072623107315,,992.1283499112963,200.98846307939004,,1104.0239563095433,246.31921914715295,,862.7965785913487,280.0428446185851,,1061.8658681534696,158.6390041951257,,915.781900548685,159.3891653727388,
1,7194,,275.41564546295496,344.732604941346,,282.6841934475111,276.4130426569465,,287.1491759030934,247.58803378676333,,413.6877802286903,294.2488619119872,,151.64264934519994,279.7087447925122,,372.5750367898112,222.95420437338424,,228.1353519031646,181.03129054161164,
2,7194,,710.3443305384261,296.5633312438392,,725.2639847872491,250.00882216583042,,731.9054891836629,226.67872420187183,,854.5310330204944,268.3994465700912,,603.5883649464173,277.0362859018182,,812.5588958957999,189.49335102825958,,686.6637438130756,209.81700398692456,
3,7194,,1017.446911235104,262.6752876525572,,1002.2160632926085,231.9072623107315,,992.1283499112963,200.98846307939004,,1104.0239563095433,246.31921914715295,,857.9407364062198,254.7924652559143,,1061.8658681534696,158.6390041951257,,915.781900548685,159.3891653727388,
1,7274,,275.41564546295496,344.732604941346,,282.6841934475111,276.4130426569465,,287.1491759030934,247.58803378676333,,413.6877802286903,294.2488619119872,,151.64264934519994,279.7087447925122,,372.5750367898112,222.95420437338424,,228.1353519031646,181.03129054161164,
2,7274,,710.3443305384261,296.5633312438392,,725.2639847872491,250.00882216583042,,731.9054891836629,226.67872420187183,,854.5310330204944,268.3994465700912,,603.5883649464173,276.0651174647924,,812.5588958957999,189.49335102825958,,686.6637438130756,209.81700398692456,
3,7274,,1017.446911235104,262.6752876525572,,1002.2160632926085,231.9072623107315,,992.1283499112963,200.98846307939004,,1094.3122719392857,240.49220852499818,,844.3443782878585,246.05194932268208,,1066.7217103385983,164.46601481728047,,915.781900548685,159.3891653727388,
1,7355,,275.41564546295496,344.732604941346,,282.6841934475111,276.4130426569465,,287.1491759030934,247.58803378676333,,410.77427491761296,299.1047040971162,,155.5273230933031,290.391597599796,,372.5750367898112,222.95420437338424,,228.1353519031646,181.03129054161164,
2,7355,,710.3443305384261,296.5633312438392,,725.2639847872491,250.00882216583042,,731.9054891836629,226.67872420187183,,850.6463592723911,270.3417834441428,,603.5883649464173,276.0651174647924,,816.4435696439031,192.40685633933697,,684.721406939024,211.75934086097615,
3,7355,,1017.446911235104,262.6752876525572,,1002.2160632926085,231.9072623107315,,992.1283499112963,200.98846307939004,,1099.1681141244146,239.52104008797235,,845.3155467248843,249.93662307078526,,1070.6063840867018,165.4371832543063,,915.781900548685,159.3891653727388,
1,7435,,275.41564546295496,344.732604941346,,282.6841934475111,276.4130426569465,,287.1491759030934,247.58803378676333,,410.77427491761296,299.1047040971162,,155.52732309330312,296.2186082219508,,372.5750367898112,222.95420437338424,,228.1353519031646,181.03129054161164,
2,7435,,710.3443305384261,296.5633312438392,,725.2639847872491,250.00882216583042,,731.9054891836629,226.67872420187183,,846.761685524288,276.1687940662976,,603.5883649464174,274.12278059074083,,816.4435696439031,192.40685633933697,,684.721406939024,211.75934086097615,
3,7435,,1017.446911235104,262.6752876525572,,1002.2160632926085,231.9072623107315,,992.1283499112963,200.98846307939004,,1101.1104509984661,242.43454539904977,,852.1137257840646,256.73480212996583,,1070.6063840867018,165.4371832543063,,915.781900548685,159.3891653727388,
1,7516,,275.41564546295496,344.732604941346,,282.6841934475111,276.4130426569465,,287.1491759030934,247.58803378676333,,407.8607696065356,308.81638846737417,,155.52732309330312,300.103281970054,,372.5750367898112,218.09836218825527,,228.1353519031646,181.03129054161164,
2,7516,,710.3443305384261,296.5633312438392,,725.2639847872491,250.00882216583042,,731.9054891836629,226.67872420187183,,846.761685524288,276.1687940662976,,603.5883649464174,274.12278059074083,,816.4435696439031,191.43568790231117,,691.5195859982045,220.49985679420837,
3,7516,,1017.446911235104,262.6752876525572,,1002.2160632926085,231.9072623107315,,992.1283499112963,200.98846307939004,,1101.1104509984661,242.43454539904977,,851.1425573470387,257.70597056699165,,1070.6063840867018,165.4371832543063,,915.781900548685,159.3891653727388,
1,7596,,275.41564546295496,344.732604941346,,282.6841934475111,276.4130426569465,,287.1491759030934,247.58803378676333,,403.9760958584324,311.7298937784516,,155.52732309330312,300.103281970054,,372.5750367898112,218.09836218825527,,228.1353519031646,181.03129054161164,
2,7596,,710.3443305384261,296.5633312438392,,725.2639847872491,250.00882216583042,,731.9054891836629,226.67872420187183,,838.9923380280818,288.7939837476329,,603.5883649464174,278.007454338844,,816.4435696439031,191.43568790231117,,691.5195859982045,228.26920429041476,
3,7596,,1017.446911235104,262.6752876525572,,1002.2160632926085,231.9072623107315,,992.1283499112963,200.98846307939004,,1104.0239563095433,245.34805071012713,,853.0848942210903,261.59064431509483,,1072.5487209607536,169.32185700240953,,915.781900548685,162.3026706838162,
1,7677,,275.41564546295496,344.732604941346,,282.6841934475111,276.4130426569465,,287.1491759030934,247.58803378676333,,400.09142211032923,315.61456752655477,,156.4984915303289,307.8726294662603,,372.5750367898112,218.09836218825527,,228.1353519031646,181.03129054161164,
2,7677,,710.3443305384261,296.5633312438392,,725.2639847872491,250.00882216583042,,731.9054891836629,226.67872420187183,,826.3671483467463,303.3615103030199,,603.5883649464174,278.007454338844,,816.4435696439031,191.43568790231117,,691.5195859982045,228.26920429041476,
3,7677,,1017.446911235104,262.6752876525572,,1002.2160632926085,231.9072623107315,,992.1283499112963,200.98846307939004,,1104.0239563095433,245.34805071012713,,853.0848942210903,265.47531806319796,,1068.6640472126503,176.1200360615901,,915.781900548685,162.3026706838162,
1,7758,,275.41564546295496,344.732604941346,,282.6841934475111,276.4130426569465,,287.1491759030934,247.58803378676333,,400.09142211032923,315.61456752655477,,156.4984915303289,307.8726294662603,,372.57503678981124,221.98303593635845,,226.193015029113,182.00245897863743,
2,7758,,710.3443305384261,296.5633312438392,,725.2639847872491,250.00882216583042,,731.9054891836629,226.67872420187183,,814.7131271024366,305.3038471770715,,606.5018702574948,282.86329652397296,,816.4435696439031,191.43568790231117,,691.5195859982047,233.1250464755438,
3,7758,,1017.446911235104,262.6752876525572,,1002.2160632926085,231.9072623107315,,992.1283499112963,200.98846307939004,,1104.0239563095436,251.1750613322819,,853.0848942210903,265.47531806319796,,1063.8082050275214,176.12003606159013,,915.781900548685,162.3026706838162,
1,7838,,275.41564546295496,344.732604941346,,282.6841934475111,276.4130426569465,,287.1491759030934,247.58803378676333,,400.09142211032923,315.61456752655477,,156.4984915303289,307.8726294662603,,372.57503678981124,221.98303593635845,,226.193015029113,182.00245897863743,
2,7838,,710.3443305384261,296.5633312438392,,725.2639847872491,250.00882216583042,,731.9054891836629,226.67872420187183,,844.8193486502363,280.0534678144008,,606.5018702574948,282.86329652397296,,816.4435696439031,191.43568790231117,,691.5195859982047,233.1250464755438,
3,7838,,1017.446911235104,262.6752876525572,,1002.2160632926085,231.9072623107315,,992.1283499112963,200.98846307939004,,1105.966293183595,252.14622976930767,,855.027231095142,270.3311602483269,,1063.8082050275214,177.09120449861592,,917.7242374227366,169.10084974299676,
1,7919,,275.41564546295496,344.732604941346,,282.6841934475111,276.4130426569465,,287.1491759030934,247.58803378676333,,399.12025367330347,312.7010622154774,,159.41199684140628,301.07445040707984,,375.48854210088865,221.98303593635845,,226.19301502911298,184.9159642897148,
2,7919,,710.3443305384261,296.5633312438392,,725.2639847872491,250.00882216583042,,731.9054891836629,226.67872420187183,,844.8193486502363,278.11113094034914,,606.5018702574948,280.92095964992143,,815.4724012068773,189.4933510282596,,689.5772491241531,230.2115411644664,
3,7919,,1017.446911235104,262.6752876525572,,1002.2160632926085,231.9072623107315,,992.1283499112963,200.98846307939004,,1105.966293183595,252.14622976930767,,855.027231095142,270.3311602483269,,1066.7217103385985,181.9470466837449,,917.7242374227366,169.10084974299676,
1,7999,,275.41564546295496,344.732604941346,,282.6841934475111,276.4130426569465,,287.1491759030934,247.58803378676333,,399.12025367330347,312.7010622154774,,159.41199684140628,306.90146102923455,,375.48854210088865,221.98303593635845,,226.19301502911298,184.9159642897148,
2,7999,,710.3443305384261,296.5633312438392,,725.2639847872491,250.00882216583042,,731.9054891836629,226.67872420187183,,844.8193486502363,278.11113094034914,,606.5018702574948,280.92095964992143,,815.4724012068773,189.4933510282596,,689.5772491241531,230.2115411644664,
3,7999,,1017.446911235104,262.6752876525572,,1002.2160632926085,231.9072623107315,,992.1283499112963,200.98846307939004,,1097.2257772503626,240.49220852499812,,855.027231095142,270.3311602483269,,1066.7217103385985,175.14886762456436,,917.7242374227366,169.10084974299676,
1,8080,,275.41564546295496,344.732604941346,,282.6841934475111,276.4130426569465,,287.1491759030934,247.58803378676333,,399.12025367330347,312.7010622154774,,159.41199684140628,306.90146102923455,,375.48854210088865,221.98303593635845,,226.19301502911298,184.9159642897148,
2,8080,,710.3443305384261,296.5633312438392,,725.2639847872491,250.00882216583042,,731.9054891836629,226.67872420187183,,846.7616855242879,274.22645719224596,,606.5018702574948,280.92095964992143,,813.5300643328256,179.78166665800163,,689.5772491241531,230.2115411644664,
3,8080,,1017.446911235104,262.6752876525572,,1002.2160632926085,231.9072623107315,,992.1283499112963,200.98846307939004,,1097.2257772503626,240.49220852499812,,865.7100839024258,273.24466555940427,,1066.7217103385983,150.8696566989194,,917.7242374227365,162.30267068381616,
1,8160,,275.41564546295496,344.732604941346,,282.6841934475111,276.4130426569465,,287.1491759030934,247.58803378676333,,399.12025367330347,312.7010622154774,,159.41199684140628,306.90146102923455,,375.48854210088865,217.1271937512295,,226.193015029113,175.20427991945684,
2,8160,,710.3443305384261,296.5633312438392,,725.2639847872491,250.00882216583042,,731.9054891836629,226.67872420187183,,849.6751908353654,266.4571096960396,,606.5018702574948,280.92095964992143,,813.5300643328256,169.09881385071787,,689.5772491241531,230.2115411644664,
3,8160,,1017.446911235104,262.6752876525572,,1002.2160632926085,231.9072623107315,,992.1283499112963,200.98846307939004,,1099.1681141244144,249.2327244582303,,865.7100839024258,273.24466555940427,,1061.8658681534694,144.07147763973884,,917.7242374227365,162.30267068381616,
1,8241,,275.41564546295496,344.732604941346,,282.6841934475111,276.4130426569465,,287.1491759030934,247.58803378676333,,400.0914221103293,308.81638846737417,,159.41199684140628,306.90146102923455,,373.54620522683706,209.35784625502313,,226.193015029113,175.20427991945684,
2,8241,,710.3443305384261,296.5633312438392,,725.2639847872491,250.00882216583042,,731.9054891836629,226.67872420187183,,851.617527709417,258.68776219983323,,606.5018702574948,280.92095964992143,,813.5300643328256,169.09881385071787,,689.5772491241531,230.2115411644664,
3,8241,,1017.446911235104,262.6752876525572,,1002.2160632926085,231.9072623107315,,992.1283499112963,200.98846307939004,,1099.1681141244144,249.2327244582303,,860.8542417172968,266.44648650022367,,1061.8658681534694,144.07147763973884,,917.7242374227365,162.30267068381616,
1,8322,,275.41564546295496,344.732604941346,,282.6841934475111,276.4130426569465,,287.1491759030934,247.58803378676333,,402.0337589843808,306.8740515933226,,159.41199684140628,306.90146102923455,,373.5462052268371,207.41550938097154,,226.193015029113,175.20427991945684,
2,8322,,710.3443305384261,296.5633312438392,,725.2639847872491,250.00882216583042,,731.9054891836629,226.67872420187183,,851.617527709417,258.68776219983323,,606.5018702574948,280.92095964992143,,813.5300643328256,169.09881385071787,,684.7214069390243,228.2692042904148,
3,8322,,1017.446911235104,262.6752876525572,,1002.2160632926085,231.9072623107315,,992.1283499112963,200.98846307939004,,1099.1681141244144,249.2327244582303,,860.8542417172968,266.44648650022367,,1057.0100259683402,139.21563545460984,,917.7242374227365,162.30267068381616,
1,8403,,275.41564546295496,344.732604941346,,282.6841934475111,276.4130426569465,,287.1491759030934,247.58803378676333,,402.0337589843808,306.8740515933226,,159.41199684140628,306.90146102923455,,373.5462052268371,207.41550938097154,,226.193015029113,175.20427991945684,
2,8403,,710.3443305384261,296.5633312438392,,725.2639847872491,250.00882216583042,,731.9054891836629,226.67872420187183,,846.7616855242879,256.74542532578164,,606.5018702574948,280.92095964992143,,813.5300643328256,169.09881385071787,,686.663743813076,233.1250464755438,
3,8403,,1017.446911235104,262.6752876525572,,1002.2160632926085,231.9072623107315,,992.1283499112963,200.98846307939004,,1104.9951247465694,255.0597350803851,,853.0848942210904,262.56181275212055,,1057.0100259683402,139.21563545460984,,914.8107321116591,159.38916537273877,
1,8483,,275.41564546295496,344.732604941346,,282.6841934475111,276.4130426569465,,287.1491759030934,247.58803378676333,,402.0337589843808,304.93171471927104,,159.41199684140628,304.95912415518296,,374.517373663863,208.38667781799734,,226.193015029113,175.20427991945684,
2,8483,,710.3443305384261,296.5633312438392,,725.2639847872491,250.00882216583042,,731.9054891836629,226.67872420187183,,846.761685524288,252.86075157767843,,604.5595333834433,278.007454338844,,813.5300643328256,169.09881385071787,,686.663743813076,233.1250464755438,
3,8483,,1017.446911235104,262.6752876525572,,1002.2160632926085,231.9072623107315,,992.1283499112963,200.98846307939004,,1104.9951247465694,255.0597350803851,,853.0848942210904,262.56181275212055,,1057.0100259683402,139.21563545460984,,914.8107321116591,159.38916537273877,
1,8564,,275.41564546295496,344.732604941346,,282.6841934475111,276.4130426569465,,287.1491759030934,247.58803378676333,,402.0337589843808,304.93171471927104,,159.41199684140628,304.95912415518296,,374.517373663863,208.38667781799734,,226.193015029113,175.20427991945684,
2,8564,,710.3443305384261,296.5633312438392,,725.2639847872491,250.00882216583042,,731.9054891836629,226.67872420187183,,846.761685524288,252.86075157767843,,604.5595333834433,278.007454338844,,814.5012327698515,170.06998228774367,,686.663743813076,233.1250464755438,
3,8564,,1017.446911235104,262.6752876525572,,1002.2160632926085,231.9072623107315,,996.0130236593993,200.98846307939004,,1104.9951247465694,255.0597350803851,,853.0848942210904,262.56181275212055,,1057.0100259683402,139.21563545460984,,914.8107321116591,159.38916537273877,
1,8644,,275.41564546295496,344.732604941346,,282.6841934475111,276.4130426569465,,287.1491759030934,247.58803378676333,,402.0337589843808,304.93171471927104,,156.49849153032892,305.93029259220873,,374.517373663863,208.38667781799734,,226.193015029113,175.20427991945684,
2,8644,,710.3443305384261,296.5633312438392,,725.2639847872491,250.00882216583042,,731.9054891836629,226.67872420187183,,846.761685524288,252.86075157767843,,604.5595333834433,278.007454338844,,815.4724012068774,172.01231916179526,,688.6060806871276,232.15387803851795,
3,8644,,1017.446911235104,262.6752876525572,,1002.2160632926085,231.9072623107315,,996.0130236593993,200.98846307939004,,1104.9951247465694,253.1173982063335,,857.9407364062193,256.73480212996583,,1056.0388575313145,140.18680389163563,,914.8107321116591,159.38916537273877,
1,8725,,275.41564546295496,344.732604941346,,282.6841934475111,276.4130426569465,,287.1491759030934,247.58803378676333,,402.0337589843808,304.93171471927104,,156.49849153032892,305.93029259220873,,374.517373663863,208.38667781799734,,226.193015029113,175.20427991945684,
2,8725,,710.3443305384261,296.5633312438392,,725.2639847872491,250.00882216583042,,731.9054891836629,226.67872420187183,,846.761685524288,252.86075157767843,,604.5595333834433,274.1227805907408,,815.4724012068775,169.09881385071785,,684.7214069390245,231.18270960149215,
3,8725,,1017.446911235104,262.6752876525572,,1002.2160632926085,231.9072623107315,,996.0130236593993,200.98846307939004,,1104.9951247465694,253.1173982063335,,857.9407364062193,256.73480212996583,,1056.0388575313145,140.18680389163563,,914.8107321116591,159.38916537273877,
1,8806,,275.41564546295496,344.732604941346,,282.6841934475111,276.4130426569465,,287.1491759030934,247.58803378676333,,402.0337589843808,304.93171471927104,,156.49849153032892,305.93029259220873,,374.51737366386294,211.30018312907472,,226.193015029113,175.20427991945684,
2,8806,,710.3443305384261,296.5633312438392,,725.2639847872491,250.00882216583042,,731.9054891836629,226.67872420187183,,846.761685524288,252.86075157767843,,605.530701820469,278.9786227758698,,815.4724012068775,166.18530853964043,,688.6060806871277,228.26920429041476,
3,8806,,1017.446911235104,262.6752876525572,,1002.2160632926085,231.9072623107315,,996.0130236593993,200.98846307939004,,1104.9951247465694,253.1173982063335,,857.9407364062193,256.73480212996583,,1066.7217103385979,142.12914076568723,,914.8107321116591,159.38916537273877,
1,8886,,275.41564546295496,344.732604941346,,282.6841934475111,276.4130426569465,,287.14917590309335,240.7898547275827,,408.8319380435614,301.0470409711679,,161.35433371545787,300.10328197005396,,374.51737366386294,211.30018312907472,,227.1641834661388,182.00245897863743,
2,8886,,710.3443305384261,296.5633312438392,,725.2639847872491,250.00882216583042,,731.9054891836629,226.67872420187183,,846.761685524288,252.86075157767843,,605.530701820469,278.9786227758698,,817.4147380809289,170.06998228774367,,680.8367331909214,224.38453054231158,
3,8886,,1017.446911235104,262.6752876525572,,1002.2160632926085,231.9072623107315,,996.0130236593993,200.98846307939004,,1104.9951247465694,253.1173982063335,,857.9407364062193,256.73480212996583,,1066.7217103385979,142.12914076568723,,914.8107321116591,159.38916537273877,
1,8967,,275.41564546295496,344.732604941346,,282.6841934475111,276.4130426569465,,287.14917590309335,240.7898547275827,,405.918432732484,304.9317147192711,,161.35433371545784,307.87262946626026,,369.66153147873405,218.0983621882553,,227.1641834661388,182.00245897863743,
2,8967,,710.3443305384261,296.5633312438392,,725.2639847872491,250.00882216583042,,731.9054891836629,226.67872420187183,,847.7328539613138,257.7165937628074,,605.530701820469,278.9786227758698,,812.5588958958,174.92582447287268,,692.4907544352309,232.15387803851795,
3,8967,,1017.446911235104,262.6752876525572,,1002.2160632926085,231.9072623107315,,996.0130236593993,200.98846307939004,,1096.2546088133372,241.46337696202394,,857.9407364062193,256.73480212996583,,1065.750541901572,145.04264607676464,,914.8107321116591,159.38916537273877,
1,9047,,275.41564546295496,344.732604941346,,282.6841934475111,276.4130426569465,,287.14917590309335,240.7898547275827,,405.918432732484,304.9317147192711,,158.44082840438048,307.87262946626026,,371.60386835278564,221.0118674993327,,227.1641834661388,182.00245897863743,
2,9047,,710.3443305384261,296.5633312438392,,725.2639847872491,250.00882216583042,,731.9054891836629,226.67872420187183,,851.617527709417,247.03374095552363,,605.530701820469,278.9786227758698,,812.5588958958,174.92582447287268,,692.4907544352309,232.15387803851795,
3,9047,,1017.446911235104,262.6752876525572,,1002.2160632926085,231.9072623107315,,996.0130236593993,200.98846307939004,,1100.1392825614403,250.20389289525608,,857.9407364062193,256.73480212996583,,1065.750541901572,145.04264607676464,,914.8107321116591,159.38916537273877,
1,9128,,275.41564546295496,344.732604941346,,282.6841934475111,276.4130426569465,,287.14917590309335,240.7898547275827,,412.7166117916646,301.0470409711679,,158.44082840438048,307.87262946626026,,371.60386835278564,221.0118674993327,,227.1641834661388,189.77180647484383,
2,9128,,710.3443305384261,296.5633312438392,,725.2639847872491,250.00882216583042,,731.9054891836629,226.67872420187183,,853.5598645834687,239.2643934593173,,605.530701820469,278.9786227758698,,812.5588958958,174.92582447287268,,688.6060806871276,232.15387803851795,
3,9128,,1017.446911235104,262.6752876525572,,1002.2160632926085,231.9072623107315,,996.0130236593993,200.98846307939004,,1089.4564297541567,241.46337696202394,,858.9119048432452,268.3888233742754,,1065.750541901572,145.04264607676464,,914.8107321116591,159.38916537273877,
1,9208,,275.41564546295496,344.732604941346,,282.6841934475111,276.4130426569465,,287.14917590309335,240.7898547275827,,416.60128553976784,295.2200303490132,,158.44082840438048,307.87262946626026,,371.60386835278564,221.0118674993327,,227.1641834661388,189.77180647484383,
2,9208,,710.3443305384261,296.5633312438392,,725.2639847872491,250.00882216583042,,731.9054891836629,226.67872420187183,,853.5598645834687,239.2643934593173,,605.530701820469,278.9786227758698,,812.5588958958,175.89699290989847,,685.6925753760503,232.15387803851795,
3,9208,,1017.446911235104,262.6752876525572,,1002.2160632926085,231.9072623107315,,996.0130236593993,200.98846307939004,,1089.4564297541567,241.46337696202394,,848.2290520359614,258.6771390040174,,1065.750541901572,154.7543304470226,,914.8107321116591,159.38916537273877,
1,9288,,275.41564546295496,344.732604941346,,282.6841934475111,276.4130426569465,,287.14917590309335,240.7898547275827,,416.60128553976784,295.2200303490132,,158.44082840438048,307.87262946626026,,371.60386835278564,221.0118674993327,,227.1641834661388,189.77180647484383,
2,9288,,710.3443305384261,296.5633312438392,,725.2639847872491,250.00882216583042,,731.9054891836629,226.67872420187183,,853.5598645834687,239.2643934593173,,605.530701820469,278.9786227758698,,815.4724012068774,180.75283509502748,,685.6925753760504,223.41336210528578,
3,9288,,1017.446911235104,262.6752876525572,,1002.2160632926085,231.9072623107315,,996.0130236593993,200.98846307939004,,1089.4564297541567,241.46337696202394,,850.171388910013,258.6771390040174,,1065.750541901572,159.61017263215157,,914.8107321116591,159.38916537273877,
1,9369,,275.41564546295496,344.732604941346,,282.6841934475111,276.4130426569465,,287.14917590309335,240.7898547275827,,416.60128553976784,295.2200303490132,,157.46965996735466,303.987955718157,,371.60386835278564,221.0118674993327,,227.1641834661388,189.77180647484383,
2,9369,,710.3443305384261,296.5633312438392,,725.2639847872491,250.00882216583042,,731.9054891836629,226.67872420187183,,853.5598645834687,239.2643934593173,,605.530701820469,278.9786227758698,,815.4724012068774,180.75283509502748,,685.6925753760504,223.41336210528578,
3,9369,,1017.446911235104,262.6752876525572,,1002.2160632926085,231.9072623107315,,996.0130236593993,200.98846307939004,,1103.052787872518,250.20389289525613,,850.171388910013,258.6771390040174,,1065.7505419015718,155.72549888404836,,914.8107321116591,165.21617599489355,
1,9450,,275.41564546295496,344.732604941346,,282.6841934475111,276.4130426569465,,287.14917590309335,240.7898547275827,,416.60128553976784,295.2200303490132,,157.46965996735466,303.987955718157,,371.60386835278564,221.0118674993327,,227.1641834661388,192.68531178592121,
2,9450,,710.3443305384261,296.5633312438392,,725.2639847872491,250.00882216583042,,731.9054891836629,226.67872420187183,,853.5598645834687,239.2643934593173,,605.530701820469,278.9786227758698,,817.4147380809289,183.66634040610484,,685.6925753760504,223.41336210528578,
3,9450,,1017.446911235104,262.6752876525572,,1002.2160632926085,231.9072623107315,,996.0130236593993,200.98846307939004,,1103.052787872518,250.20389289525613,,850.171388910013,258.6771390040174,,1057.9811944053654,156.69666732107413,,918.6954058597623,170.07201818002255,
1,9530,,275.41564546295496,344.732604941346,,282.6841934475111,276.4130426569465,,287.14917590309335,240.7898547275827,,416.60128553976784,295.2200303490132,,157.46965996735466,303.987955718157,,371.60386835278564,221.0118674993327,,227.1641834661388,192.68531178592121,
2,9530,,710.3443305384261,296.5633312438392,,725.2639847872491,250.00882216583042,,731.9054891836629,226.67872420187183,,853.5598645834687,239.2643934593173,,605.530701820469,278.9786227758698,,817.4147380809289,183.66634040610484,,685.6925753760504,223.41336210528578,
3,9530,,1017.446911235104,262.6752876525572,,1002.2160632926085,231.9072623107315,,996.0130236593993,200.98846307939004,,1103.052787872518,250.20389289525613,,850.171388910013,258.6771390040174,,1057.9811944053654,156.69666732107413,,916.7530689857108,168.129681305971,
1,9611,,275.41564546295496,344.732604941346,,282.6841934475111,276.4130426569465,,287.14917590309335,240.7898547275827,,416.60128553976784,295.2200303490132,,157.46965996735466,303.987955718157,,371.60386835278564,221.0118674993327,,227.1641834661388,192.68531178592121,
2,9611,,710.3443305384261,296.5633312438392,,725.2639847872491,250.00882216583042,,731.9054891836629,226.67872420187183,,853.5598645834688,247.03374095552368,,605.530701820469,278.9786227758698,,817.4147380809289,183.66634040610484,,685.6925753760504,223.41336210528578,
3,9611,,1017.446911235104,262.6752876525572,,1002.2160632926085,231.9072623107315,,996.0130236593993,200.98846307939004,,1103.052787872518,250.20389289525613,,850.171388910013,258.6771390040174,,1057.9811944053654,156.69666732107413,,916.7530689857108,168.129681305971,
1,9692,,275.41564546295496,344.732604941346,,282.6841934475111,276.4130426569465,,287.14917590309335,240.7898547275827,,413.6877802286905,289.3930197268584,,157.46965996735466,303.987955718157,,371.60386835278564,221.0118674993327,,227.1641834661388,192.68531178592121,
2,9692,,710.3443305384261,296.5633312438392,,725.2639847872491,250.00882216583042,,731.9054891836629,226.67872420187183,,853.5598645834688,247.03374095552368,,605.530701820469,278.9786227758698,,817.4147380809289,183.66634040610484,,690.5484175611793,223.41336210528578,
3,9692,,1017.446911235104,262.6752876525572,,1002.2160632926085,231.9072623107315,,996.0130236593993,200.98846307939004,,1103.052787872518,250.20389289525613,,850.171388910013,258.6771390040174,,1057.9811944053654,152.81199357297092,,915.781900548685,162.3026706838162,
1,9767,,235.5977395448973,349.588447126475,,245.7797928405309,273.4995373458692,,248.3024384220614,238.84751785353112,,376.7833796217102,302.01820940819374,,119.59409092334863,317.5843138365183,,329.84362556067634,231.69472030661652,,185.40394067402957,200.45465928212758,
2,9767,,678.295772116575,298.5056681178908,,696.1289316764753,248.06648529177883,,699.8569307618117,230.56339794997504,,825.3959799097206,256.74542532578164,,570.5686380875403,286.7479702720762,,786.3373480961035,189.4933510282596,,646.8458378950186,228.2692042904148,
3,9767,,1000.9370478056657,269.4734667117378,,987.6485367372215,228.9937569996541,,981.4454971040124,202.93079995344166,,1093.34110350226,259.91557726551406,,827.8345148584197,271.3023286853528,,1059.923531279417,165.43718325430623,,897.329700245195,177.84136567622897,
