track,frame_idx,instance.score,Base_NT.x,Base_NT.y,Base_NT.score,IN1_NT.x,IN1_NT.y,IN1_NT.score,IN2_NT.x,IN2_NT.y,IN2_NT.score,IN3_NT.x,IN3_NT.y,IN3_NT.score,L1.x,L1.y,L1.score,L2.x,L2.y,L2.score,L3.x,L3.y,L3.score
1,23,,696.651678425801,1132.4306695784544,,724.5756671915842,884.0304947943964,,741.1944599530666,758.5710863520835,,730.3283619148328,707.7151024354771,,424.9874405270157,897.2235870643126,,884.9008498583576,589.1135585713475,,,,
2,23,,1735.5185339498803,1135.1502163206646,,1679.1365737071646,748.0531576839148,,1663.1208055621319,666.1064971169562,,1665.8524412349461,628.8482469113978,,2247.083757807469,679.659847687542,,1523.9943342776205,578.2353716025093,,1793.9621087015794,476.8078524787147,
3,23,,2904.923633100021,1110.674295640777,,2911.091247928128,818.7613729813652,,2914.1123069785626,772.168820063132,,2916.843942651375,715.873742662106,,2372.1829079491117,636.1470998121881,,3248.186968838526,755.005909846135,,2808.3530435457715,599.1874558781481,
1,103,,696.651678425801,1132.4306695784544,,724.5756671915842,884.0304947943964,,741.1944599530666,758.5710863520835,,730.3283619148328,707.7151024354771,,424.9874405270157,897.2235870643126,,903.9376770538252,570.07673137588,,,,
2,103,,1735.5185339498803,1135.1502163206646,,1679.1365737071646,748.0531576839148,,1663.1208055621319,666.1064971169562,,1665.8524412349461,628.8482469113978,,2247.083757807469,679.659847687542,,1523.9943342776205,578.2353716025093,,1807.5598424126274,493.12513293197253,
3,103,,2904.923633100021,1110.674295640777,,2911.091247928128,818.7613729813652,,2914.1123069785626,772.168820063132,,2922.2830361357937,713.1541959198964,,2374.9024546913206,619.8298193589303,,3248.186968838527,771.323190299393,,2808.3530435457715,599.1874558781481,
1,184,,696.651678425801,1132.4306695784544,,724.5756671915842,884.0304947943964,,741.1944599530666,758.5710863520835,,730.3283619148328,707.7151024354771,,424.9874405270157,897.2235870643126,,903.9376770538252,570.07673137588,,,,
2,184,,1735.5185339498803,1135.1502163206646,,1679.1365737071646,748.0531576839148,,1663.1208055621319,666.1064971169562,,1665.8524412349461,628.8482469113978,,2257.961944776306,671.5012074609133,,1523.9943342776205,578.2353716025093,,1807.5598424126274,493.12513293197253,
3,184,,2904.923633100021,1110.674295640777,,2911.091247928128,818.7613729813652,,2914.1123069785626,772.168820063132,,2922.2830361357937,713.1541959198964,,2377.6220014335304,595.3538986790436,,3248.186968838527,771.323190299393,,2808.3530435457715,599.1874558781481,
1,264,,696.651678425801,1132.4306695784544,,724.5756671915842,884.0304947943964,,741.1944599530666,758.5710863520835,,730.3283619148328,707.7151024354771,,424.9874405270157,897.2235870643126,,901.2181303116158,540.1617172115739,,,,
2,264,,1735.5185339498803,1135.1502163206646,,1679.1365737071646,748.0531576839148,,1663.1208055621319,666.1064971169562,,1665.8524412349461,628.8482469113978,,2257.961944776306,671.5012074609133,,1523.9943342776205,578.2353716025093,,1793.9621087015794,482.24694596313407,
3,264,,2904.923633100021,1110.674295640777,,2911.091247928128,818.7613729813652,,2914.1123069785626,772.168820063132,,2922.2830361357937,713.1541959198964,,2380.3415481757384,579.0366182257858,,3253.6260623229464,768.6036435571832,,2821.9507772568195,615.5047363314061,
1,345,,696.651678425801,1132.4306695784544,,724.5756671915842,884.0304947943964,,741.1944599530666,758.5710863520835,,730.3283619148328,707.7151024354771,,424.9874405270157,897.2235870643126,,901.2181303116158,540.1617172115739,,,,
2,345,,1735.5185339498803,1135.1502163206646,,1679.1365737071646,748.0531576839148,,1663.1208055621319,666.1064971169562,,1665.8524412349461,628.8482469113978,,2260.681491518515,660.6230204920748,,1523.9943342776205,578.2353716025093,,1804.8402956704176,498.5642264163919,
3,345,,2904.923633100021,1110.674295640777,,2911.091247928128,818.7613729813652,,2914.1123069785626,772.168820063132,,2922.2830361357937,713.1541959198964,,2388.500188402366,554.5606975458995,,3253.6260623229464,768.6036435571832,,2821.9507772568195,615.5047363314061,
1,425,,696.651678425801,1132.4306695784544,,724.5756671915842,884.0304947943964,,741.1944599530666,758.5710863520835,,730.3283619148328,707.7151024354771,,424.9874405270157,897.2235870643126,,901.2181303116158,540.1617172115739,,,,
2,425,,1735.5185339498803,1135.1502163206646,,1679.1365737071646,748.0531576839148,,1663.1208055621319,666.1064971169562,,1665.8524412349461,628.8482469113978,,2252.5228512918866,641.5861932966077,,1537.5920679886685,561.9180911492513,,1804.8402956704176,498.5642264163919,
3,425,,2904.923633100021,1110.674295640777,,2911.091247928128,818.7613729813652,,2914.1123069785626,772.168820063132,,2922.2830361357937,713.1541959198964,,2412.976109082252,521.9261366393839,,3272.662889518415,776.7622837838121,,2824.6703239990284,599.1874558781483,
1,506,,696.651678425801,1132.4306695784544,,724.5756671915842,884.0304947943964,,741.1944599530666,758.5710863520835,,730.3283619148328,707.7151024354771,,424.9874405270157,897.2235870643126,,901.2181303116158,540.1617172115739,,,,
2,506,,1735.5185339498803,1135.1502163206646,,1679.1365737071646,748.0531576839148,,1663.1208055621319,666.1064971169562,,1665.8524412349461,628.8482469113978,,2249.803304549676,625.2689128433499,,1513.1161473087823,521.1248900161067,,1815.7184826392568,482.24694596313407,
3,506,,2904.923633100021,1110.674295640777,,2911.091247928128,818.7613729813652,,2914.1123069785626,772.168820063132,,2922.2830361357937,713.1541959198964,,2423.8542960510904,486.57202899065874,,3272.662889518415,760.4450033305543,,2843.707151194494,561.1138014872133,
1,586,,696.651678425801,1132.4306695784544,,724.5756671915842,884.0304947943964,,741.1944599530666,758.5710863520835,,730.3283619148328,707.7151024354771,,424.9874405270157,897.2235870643126,,901.2181303116158,540.1617172115739,,,,
2,586,,1735.5185339498803,1135.1502163206646,,1679.1365737071646,748.0531576839148,,1663.1208055621319,666.1064971169562,,1665.8524412349461,628.8482469113978,,2249.803304549676,625.2689128433499,,1597.4220963172802,428.66030078097924,,1815.7184826392568,482.24694596313407,
3,586,,2904.923633100021,1110.674295640777,,2911.091247928128,818.7613729813652,,2914.1123069785626,772.168820063132,,2922.2830361357937,713.1541959198964,,2434.7324830199286,464.8156550529816,,3288.9801699716736,735.9690826506676,,2873.622165358801,504.0033199008112,
1,667,,696.651678425801,1132.4306695784544,,724.5756671915842,884.0304947943964,,741.1944599530666,758.5710863520835,,730.3283619148328,707.7151024354771,,424.9874405270157,897.2235870643126,,901.2181303116158,540.1617172115739,,863.8771228658838,411.53873066568394,
2,667,,1735.5185339498803,1135.1502163206646,,1679.1365737071646,748.0531576839148,,1663.1208055621319,666.1064971169562,,1665.8524412349461,628.8482469113978,,2249.803304549676,595.3538986790438,,1521.2747875354098,387.8670996478347,,1783.0839217327411,427.8560111189415,
3,667,,2904.923633100021,1110.674295640777,,2911.091247928128,818.7613729813652,,2914.1123069785626,772.168820063132,,2922.2830361357937,713.1541959198964,,2456.488856957607,429.4615474042564,,3248.1869688385286,654.3826803843785,,2903.537179523106,463.2101187676667,
1,747,,696.651678425801,1132.4306695784544,,724.5756671915842,884.0304947943964,,741.1944599530666,758.5710863520835,,730.3283619148328,707.7151024354771,,424.9874405270157,897.2235870643126,,901.2181303116158,512.9662497894778,,823.0839217327393,389.782356728007,
2,747,,1735.5185339498803,1135.1502163206646,,1679.1365737071646,748.0531576839148,,1663.1208055621319,666.1064971169562,,1665.8524412349461,628.8482469113978,,2249.803304549676,570.8779779991569,,1485.9206798866849,322.5979778348035,,1742.2907205995962,403.3800904390548,
3,747,,2904.923633100021,1110.674295640777,,2911.091247928128,818.7613729813652,,2914.1123069785626,772.168820063132,,2922.2830361357937,713.1541959198964,,2456.488856957607,407.70517346657925,,3229.150141643062,591.8331053135569,,2903.537179523106,460.49057202545714,
1,827,,696.651678425801,1132.4306695784544,,724.5756671915842,884.0304947943964,,741.1944599530666,758.5710863520835,,730.3283619148328,707.7151024354771,,424.9874405270157,897.2235870643126,,893.0594900849869,488.49032910959113,,836.6816554437873,368.0259827903301,
2,827,,1735.5185339498803,1135.1502163206646,,1679.1365737071646,748.0531576839148,,1663.1208055621319,666.1064971169562,,1665.8524412349461,628.8482469113978,,2241.6446643230474,538.2434170926413,,1475.042492917847,306.2806973815457,,1731.412533630758,378.9041697591681,
3,827,,2904.923633100021,1110.674295640777,,2911.091247928128,818.7613729813652,,2914.1123069785626,772.168820063132,,2922.2830361357937,713.1541959198964,,2456.488856957607,407.70517346657925,,3240.0283286118993,556.4789976648317,,2917.134913234154,422.4169176345224,
1,908,,696.651678425801,1132.4306695784544,,724.5756671915842,884.0304947943964,,741.1944599530666,758.5710863520835,,730.3283619148328,707.7151024354771,,424.9874405270157,897.2235870643126,,893.0594900849869,488.49032910959113,,823.0839217327393,351.7087023370724,
2,908,,1735.5185339498803,1135.1502163206646,,1679.1365737071646,748.0531576839148,,1663.1208055621319,666.1064971169562,,1665.8524412349461,628.8482469113978,,2238.9251175808386,516.4870431549641,,1458.7252124645893,317.15888435038414,,1742.290720599597,378.9041697591681,
3,908,,2904.923633100021,1110.674295640777,,2911.091247928128,818.7613729813652,,2914.1123069785626,772.168820063132,,2922.2830361357937,713.1541959198964,,2483.684324379703,372.3510658178543,,3242.747875354109,532.003076984945,,2917.134913234154,422.4169176345224,
1,989,,696.651678425801,1132.4306695784544,,724.5756671915842,884.0304947943964,,741.1944599530666,758.5710863520835,,730.3283619148328,707.7151024354771,,424.9874405270157,886.3454000954739,,893.0594900849869,453.13622146086595,,823.0839217327393,351.7087023370724,
2,989,,1735.5185339498803,1135.1502163206646,,1679.1365737071646,748.0531576839148,,1663.1208055621319,666.1064971169562,,1665.8524412349461,628.8482469113978,,2238.9251175808386,516.4870431549641,,1450.56657223796,325.31752457701305,,1742.290720599597,378.9041697591681,
3,989,,2904.923633100021,1110.674295640777,,2911.091247928128,818.7613729813652,,2914.1123069785626,772.168820063132,,2922.2830361357937,713.1541959198964,,2483.684324379703,372.3510658178543,,3242.747875354109,532.003076984945,,2917.134913234154,422.4169176345224,
1,1069,,696.651678425801,1132.4306695784544,,724.5756671915842,884.0304947943964,,741.1944599530666,758.5710863520835,,730.3283619148328,707.7151024354771,,424.9874405270157,886.3454000954739,,893.0594900849869,444.97758123423705,,825.8034684749491,346.26960885265316,
2,1069,,1735.5185339498803,1135.1502163206646,,1679.1365737071646,748.0531576839148,,1663.1208055621319,666.1064971169562,,1665.8524412349461,628.8482469113978,,2238.9251175808386,516.4870431549641,,1450.56657223796,325.31752457701305,,1742.290720599597,368.0259827903295,
3,1069,,2904.923633100021,1110.674295640777,,2911.091247928128,818.7613729813652,,2914.1123069785626,772.168820063132,,2922.2830361357937,713.1541959198964,,2483.684324379703,372.3510658178543,,3242.747875354109,532.003076984945,,2917.134913234154,422.4169176345224,
1,1149,,696.651678425801,1132.4306695784544,,724.5756671915842,884.0304947943964,,741.1944599530666,758.5710863520835,,730.3283619148328,707.7151024354771,,424.9874405270157,886.3454000954739,,893.0594900849869,444.97758123423705,,825.8034684749491,346.26960885265316,
2,1149,,1735.5185339498803,1135.1502163206646,,1679.1365737071646,748.0531576839148,,1663.1208055621319,666.1064971169562,,1665.8524412349461,628.8482469113978,,2241.6446643230483,508.3284029283352,,1431.5297450424932,328.0370713192226,,1764.0470945372745,351.7087023370716,
3,1149,,2904.923633100021,1110.674295640777,,2911.091247928128,818.7613729813652,,2914.1123069785626,772.168820063132,,2922.2830361357937,713.1541959198964,,2483.684324379703,372.3510658178543,,3259.065155807366,529.2835302427352,,2917.134913234154,422.4169176345224,
1,1230,,696.651678425801,1132.4306695784544,,724.5756671915842,884.0304947943964,,741.1944599530666,758.5710863520835,,730.3283619148328,707.7151024354771,,424.9874405270157,886.3454000954739,,893.0594900849869,444.97758123423705,,910.1094174834475,376.1846230169591,
2,1230,,1735.5185339498803,1135.1502163206646,,1679.1365737071646,748.0531576839148,,1663.1208055621319,666.1064971169562,,1665.8524412349461,628.8482469113978,,2241.6446643230483,508.3284029283352,,1431.5297450424932,328.0370713192226,,1764.0470945372745,351.7087023370716,
3,1230,,2904.923633100021,1110.674295640777,,2911.091247928128,818.7613729813652,,2914.1123069785626,772.168820063132,,2922.2830361357937,713.1541959198964,,2459.2084036998176,391.3878930133217,,3250.9065155807366,567.3571846336699,,2917.134913234154,422.4169176345224,
1,1310,,696.651678425801,1132.4306695784544,,724.5756671915842,884.0304947943964,,741.1944599530666,758.5710863520835,,730.3283619148328,707.7151024354771,,424.9874405270157,886.3454000954739,,893.0594900849869,444.97758123423705,,934.5853381633342,387.06280998579746,
2,1310,,1735.5185339498803,1135.1502163206646,,1679.1365737071646,748.0531576839148,,1663.1208055621319,666.1064971169562,,1665.8524412349461,628.8482469113978,,2249.803304549677,532.8043236082219,,1426.0906515580741,344.3543517724803,,1777.6448282483225,357.14779582149083,
3,1310,,2904.923633100021,1110.674295640777,,2911.091247928128,818.7613729813652,,2914.1123069785626,772.168820063132,,2922.2830361357937,713.1541959198964,,2456.4888569576087,404.9856267243697,,3250.9065155807366,605.4308390246047,,2917.134913234153,425.13646437673196,
1,1391,,696.651678425801,1132.4306695784544,,724.5756671915842,884.0304947943964,,741.1944599530666,758.5710863520835,,730.3283619148328,707.7151024354771,,424.9874405270157,886.3454000954739,,893.0594900849869,444.97758123423705,,937.3048849055435,397.9409969546359,
2,1391,,1735.5185339498803,1135.1502163206646,,1679.1365737071646,748.0531576839148,,1663.1208055621319,666.1064971169562,,1665.8524412349461,628.8482469113978,,2257.9619447763052,570.8779779991567,,1434.249291784703,368.8302724523671,,1777.6448282483225,357.14779582149083,
3,1391,,2904.923633100021,1110.674295640777,,2911.091247928128,818.7613729813652,,2914.1123069785626,772.168820063132,,2922.2830361357937,713.1541959198964,,2445.6106699887714,434.90064088867575,,3259.065155807366,624.4676662200718,,2906.2567262653147,457.7710252832476,
1,1472,,696.651678425801,1132.4306695784544,,724.5756671915842,884.0304947943964,,741.1944599530666,758.5710863520835,,730.3283619148328,707.7151024354771,,424.9874405270157,886.3454000954739,,893.0594900849869,444.97758123423705,,937.3048849055435,389.782356728007,
2,1472,,1735.5185339498803,1135.1502163206646,,1679.1365737071646,748.0531576839148,,1663.1208055621319,666.1064971169562,,1665.8524412349461,628.8482469113978,,2244.364211065257,587.1952584524142,,1466.8838526912186,409.62347358551165,,1783.0839217327411,378.90416975916787,
3,1472,,2904.923633100021,1110.674295640777,,2911.091247928128,818.7613729813652,,2914.1123069785626,772.168820063132,,2922.2830361357937,713.1541959198964,,2437.452029762143,459.37656156856247,,3250.9065155807366,654.3826803843776,,2898.0980860386862,476.80785247871495,
1,1553,,696.651678425801,1132.4306695784544,,724.5756671915842,884.0304947943964,,741.1944599530666,758.5710863520835,,730.3283619148328,707.7151024354771,,424.9874405270157,886.3454000954739,,895.7790368271967,472.1730486563333,,,,
2,1553,,1735.5185339498803,1135.1502163206646,,1679.1365737071646,748.0531576839148,,1663.1208055621319,666.1064971169562,,1665.8524412349461,628.8482469113978,,2271.559678487354,633.4275530699779,,1434.249291784703,502.0880628206394,,1783.0839217327411,378.90416975916787,
3,1553,,2904.923633100021,1110.674295640777,,2911.091247928128,818.7613729813652,,2914.1123069785626,772.168820063132,,2922.2830361357937,713.1541959198964,,2399.3783753712087,502.8893094439168,,3286.260623229462,725.090895681828,,2849.146244678912,506.722866643021,
1,1633,,696.651678425801,1132.4306695784544,,724.5756671915842,884.0304947943964,,741.1944599530666,758.5710863520835,,730.3283619148328,707.7151024354771,,424.9874405270157,886.3454000954739,,903.9376770538256,504.80760956284894,,,,
2,1633,,1735.5185339498803,1135.1502163206646,,1679.1365737071646,748.0531576839148,,1663.1208055621319,666.1064971169562,,1665.8524412349461,628.8482469113978,,2271.559678487354,687.8184879141704,,1445.1274787535417,540.1617172115743,,1842.9139500613537,436.0146513455702,
3,1633,,2904.923633100021,1110.674295640777,,2911.091247928128,818.7613729813652,,2914.1123069785626,772.168820063132,,2922.2830361357937,713.1541959198964,,2388.5001884023695,546.4020573192711,,3286.260623229462,735.9690826506667,,2808.353043545767,607.3460961047774,
1,1713,,696.651678425801,1132.4306695784544,,724.5756671915842,884.0304947943964,,741.1944599530666,758.5710863520835,,730.3283619148328,707.7151024354771,,424.9874405270157,886.3454000954739,,903.9376770538256,504.80760956284894,,,,
2,1713,,1735.5185339498803,1135.1502163206646,,1679.1365737071646,748.0531576839148,,1663.1208055621319,666.1064971169562,,1665.8524412349461,628.8482469113978,,2255.2423980340973,706.855315109638,,1426.090651558075,556.4789976648321,,1821.1575761236763,408.8191839234737,
3,1713,,2904.923633100021,1110.674295640777,,2911.091247928128,818.7613729813652,,2914.1123069785626,772.168820063132,,2922.2830361357937,713.1541959198964,,2374.9024546913224,576.3170714835769,,3286.260623229462,735.9690826506667,,2797.474856576928,661.7370309489702,
1,1794,,696.651678425801,1132.4306695784544,,724.5756671915842,884.0304947943964,,741.1944599530666,758.5710863520835,,730.3283619148328,707.7151024354771,,424.9874405270157,886.3454000954739,,903.9376770538256,504.80760956284894,,,,
2,1794,,1735.5185339498803,1135.1502163206646,,1679.1365737071646,748.0531576839148,,1663.1208055621319,666.1064971169562,,1665.8524412349461,628.8482469113978,,2255.2423980340973,706.855315109638,,1426.090651558075,556.4789976648321,,1812.9989358970479,416.9778241501026,
3,1794,,2904.923633100021,1110.674295640777,,2911.091247928128,818.7613729813652,,2914.1123069785626,772.168820063132,,2922.2830361357937,713.1541959198964,,2385.7806416601597,598.0734454212538,,3286.260623229462,735.9690826506667,,2797.474856576928,661.7370309489702,
1,1874,,696.651678425801,1132.4306695784544,,724.5756671915842,884.0304947943964,,741.1944599530666,758.5710863520835,,730.3283619148328,707.7151024354771,,424.9874405270157,886.3454000954739,,901.2181303116158,542.8812639537839,,,,
2,1874,,1735.5185339498803,1135.1502163206646,,1679.1365737071646,748.0531576839148,,1663.1208055621319,666.1064971169562,,1665.8524412349461,628.8482469113978,,2255.2423980340973,706.855315109638,,1426.090651558075,580.9549183447184,,1826.596669608096,430.57555786115086,
3,1874,,2904.923633100021,1110.674295640777,,2911.091247928128,818.7613729813652,,2914.1123069785626,772.168820063132,,2922.2830361357937,713.1541959198964,,2369.463361206901,619.829819358931,,3294.4192634560914,763.164550072763,,2783.8771228658807,672.6152179178084,
1,1955,,696.651678425801,1132.4306695784544,,724.5756671915842,884.0304947943964,,741.1944599530666,758.5710863520835,,730.3283619148328,707.7151024354771,,424.9874405270157,886.3454000954739,,901.2181303116158,542.8812639537839,,,,
2,1955,,1735.5185339498803,1135.1502163206646,,1679.1365737071646,748.0531576839148,,1663.1208055621319,666.1064971169562,,1665.8524412349461,628.8482469113978,,2255.2423980340973,706.855315109638,,1426.090651558075,580.9549183447184,,1826.596669608096,430.57555786115086,
3,1955,,2904.923633100021,1110.674295640777,,2911.091247928128,818.7613729813652,,2914.1123069785626,772.168820063132,,2922.2830361357937,713.1541959198964,,2369.463361206901,619.829819358931,,3294.4192634560914,763.164550072763,,2783.8771228658807,672.6152179178084,
1,2035,,696.651678425801,1132.4306695784544,,724.5756671915842,884.0304947943964,,741.1944599530666,758.5710863520835,,730.3283619148328,707.7151024354771,,424.9874405270157,886.3454000954739,,901.2181303116158,542.8812639537839,,,,
2,2035,,1735.5185339498803,1135.1502163206646,,1679.1365737071646,748.0531576839148,,1663.1208055621319,666.1064971169562,,1665.8524412349461,628.8482469113978,,2255.2423980340973,706.855315109638,,1426.090651558075,580.9549183447184,,1826.596669608096,430.57555786115086,
3,2035,,2904.923633100021,1110.674295640777,,2911.091247928128,818.7613729813652,,2914.1123069785626,772.168820063132,,2922.2830361357937,713.1541959198964,,2358.585174238062,592.6343519368347,,3294.4192634560914,763.164550072763,,2792.035763092509,653.5783907223408,
1,2115,,696.651678425801,1132.4306695784544,,724.5756671915842,884.0304947943964,,741.1944599530666,758.5710863520835,,730.3283619148328,707.7151024354771,,424.9874405270157,886.3454000954739,,898.498583569406,526.5639835005261,,,,
2,2115,,1735.5185339498803,1135.1502163206646,,1679.1365737071646,748.0531576839148,,1663.1208055621319,666.1064971169562,,1665.8524412349461,628.8482469113978,,2263.4010382607266,682.3793944297513,,1417.9320113314461,553.7594509226221,,1837.4748565769341,446.89283831440866,
3,2115,,2904.923633100021,1110.674295640777,,2911.091247928128,818.7613729813652,,2914.1123069785626,772.168820063132,,2922.2830361357937,713.1541959198964,,2372.182907949111,565.4388845147384,,3291.6997167138816,755.0059098461343,,2800.1944033191376,637.261110269083,
1,2196,,696.651678425801,1132.4306695784544,,724.5756671915842,884.0304947943964,,741.1944599530666,758.5710863520835,,730.3283619148328,707.7151024354771,,424.9874405270157,886.3454000954739,,898.498583569406,526.5639835005261,,,,
2,2196,,1735.5185339498803,1135.1502163206646,,1679.1365737071646,748.0531576839148,,1663.1208055621319,666.1064971169562,,1665.8524412349461,628.8482469113978,,2263.4010382607266,682.3793944297513,,1417.9320113314461,553.7594509226221,,1837.4748565769341,446.89283831440866,
3,2196,,2904.923633100021,1110.674295640777,,2911.091247928128,818.7613729813652,,2914.1123069785626,772.168820063132,,2922.2830361357937,713.1541959198964,,2374.9024546913206,540.9629638348517,,3291.6997167138816,755.0059098461343,,2800.1944033191376,637.261110269083,
1,2276,,696.651678425801,1132.4306695784544,,724.5756671915842,884.0304947943964,,741.1944599530666,758.5710863520835,,730.3283619148328,707.7151024354771,,424.9874405270157,886.3454000954739,,898.498583569406,526.5639835005261,,,,
2,2276,,1735.5185339498803,1135.1502163206646,,1679.1365737071646,748.0531576839148,,1663.1208055621319,666.1064971169562,,1665.8524412349461,628.8482469113978,,2266.1205850029364,666.0621139764937,,1431.5297450424946,521.1248900161065,,1840.194403319144,455.05147854103757,
3,2276,,2904.923633100021,1110.674295640777,,2911.091247928128,818.7613729813652,,2914.1123069785626,772.168820063132,,2922.2830361357937,713.1541959198964,,2391.2197351445775,513.7674964127557,,3291.6997167138816,755.0059098461343,,2821.950777256815,620.9438298158252,
1,2356,,696.651678425801,1132.4306695784544,,724.5756671915842,884.0304947943964,,741.1944599530666,758.5710863520835,,730.3283619148328,707.7151024354771,,424.9874405270157,886.3454000954739,,906.6572237960349,502.0880628206396,,,,
2,2356,,1735.5185339498803,1135.1502163206646,,1679.1365737071646,748.0531576839148,,1663.1208055621319,666.1064971169562,,1665.8524412349461,628.8482469113978,,2268.8401317451453,649.7448335232357,,1420.6515580736564,502.0880628206389,,1840.194403319144,455.05147854103757,
3,2356,,2904.923633100021,1110.674295640777,,2911.091247928128,818.7613729813652,,2914.1123069785626,772.168820063132,,2922.2830361357937,713.1541959198964,,2407.5370155978344,486.5720289906592,,3308.0169971671385,727.810442424038,,2835.548510967863,580.1506286826809,
1,2438,,696.651678425801,1132.4306695784544,,724.5756671915842,884.0304947943964,,741.1944599530666,758.5710863520835,,730.3283619148328,707.7151024354771,,424.9874405270157,886.3454000954739,,906.6572237960349,502.0880628206396,,,,
2,2438,,1735.5185339498803,1135.1502163206646,,1679.1365737071646,748.0531576839148,,1663.1208055621319,666.1064971169562,,1665.8524412349461,628.8482469113978,,2263.4010382607257,617.1102726167201,,1420.651558073656,439.5384877498175,,1859.2312305146115,444.1732915721991,
3,2438,,2904.923633100021,1110.674295640777,,2911.091247928128,818.7613729813652,,2914.1123069785626,772.168820063132,,2922.2830361357937,713.1541959198964,,2418.4152025666717,445.77882785751467,,3308.0169971671385,727.810442424038,,2860.024431647749,531.1987873229075,
1,2517,,696.651678425801,1132.4306695784544,,724.5756671915842,884.0304947943964,,741.1944599530666,758.5710863520835,,730.3283619148328,707.7151024354771,,424.9874405270157,886.3454000954739,,898.498583569406,502.0880628206396,,,,
2,2517,,1735.5185339498803,1135.1502163206646,,1679.1365737071646,748.0531576839148,,1663.1208055621319,666.1064971169562,,1665.8524412349461,628.8482469113978,,2260.681491518515,589.914805194624,,1420.651558073656,360.6716322257382,,1848.3530435457733,436.0146513455702,
3,2517,,2904.923633100021,1110.674295640777,,2911.091247928128,818.7613729813652,,2914.1123069785626,772.168820063132,,2922.2830361357937,713.1541959198964,,2418.4152025666717,445.77882785751467,,3297.1388101982993,681.5781478064744,,2881.7808055854266,455.0514785410378,
1,2598,,696.651678425801,1132.4306695784544,,724.5756671915842,884.0304947943964,,741.1944599530666,758.5710863520835,,730.3283619148328,707.7151024354771,,424.9874405270157,886.3454000954739,,898.498583569406,502.0880628206396,,863.8771228658834,381.62371650137766,
2,2598,,1735.5185339498803,1135.1502163206646,,1679.1365737071646,748.0531576839148,,1663.1208055621319,666.1064971169562,,1665.8524412349461,628.8482469113978,,2260.681491518515,589.914805194624,,1426.090651558075,309.00024412375524,,1804.8402956704194,346.26960885265225,
3,2598,,2904.923633100021,1110.674295640777,,2911.091247928128,818.7613729813652,,2914.1123069785626,772.168820063132,,2922.2830361357937,713.1541959198964,,2445.6106699887678,421.30290717762796,,3291.6997167138798,627.1872129622816,,2889.939445812055,408.81918392347416,
1,2679,,696.651678425801,1132.4306695784544,,724.5756671915842,884.0304947943964,,741.1944599530666,758.5710863520835,,730.3283619148328,707.7151024354771,,416.828800300387,875.4672131266357,,895.7790368271963,491.2098758518009,,863.8771228658834,381.62371650137766,
2,2679,,1735.5185339498803,1135.1502163206646,,1679.1365737071646,748.0531576839148,,1663.1208055621319,666.1064971169562,,1665.8524412349461,628.8482469113978,,2260.681491518515,549.1216040614795,,1417.9320113314457,270.9265897328205,,1747.7298140840167,321.79368817276554,
3,2679,,2904.923633100021,1110.674295640777,,2911.091247928128,818.7613729813652,,2914.1123069785626,772.168820063132,,2922.2830361357937,713.1541959198964,,2445.6106699887687,402.2660799821606,,3297.1388101982993,586.3940118291371,,2917.134913234152,384.34326324358744,
1,2759,,696.651678425801,1132.4306695784544,,724.5756671915842,884.0304947943964,,741.1944599530666,758.5710863520835,,730.3283619148328,707.7151024354771,,416.828800300387,875.4672131266357,,882.1813031161482,474.8925953985431,,869.316216350303,370.7455295325391,
2,2759,,1735.5185339498803,1135.1502163206646,,1679.1365737071646,748.0531576839148,,1663.1208055621319,666.1064971169562,,1665.8524412349461,628.8482469113978,,2260.681491518515,549.1216040614795,,1417.9320113314457,270.9265897328205,,1747.7298140840167,321.79368817276554,
3,2759,,2904.923633100021,1110.674295640777,,2911.091247928128,818.7613729813652,,2914.1123069785626,772.168820063132,,2922.2830361357937,713.1541959198964,,2445.6106699887687,402.2660799821606,,3308.0169971671385,572.7962781180888,,2917.134913234152,384.34326324358744,
1,2840,,696.651678425801,1132.4306695784544,,724.5756671915842,884.0304947943964,,741.1944599530666,758.5710863520835,,730.3283619148328,707.7151024354771,,416.828800300387,875.4672131266357,,895.7790368271963,455.85576820307574,,850.2793891548354,351.7087023370716,
2,2840,,1735.5185339498803,1135.1502163206646,,1679.1365737071646,748.0531576839148,,1663.1208055621319,666.1064971169562,,1665.8524412349461,628.8482469113978,,2260.681491518515,549.1216040614795,,1417.9320113314457,270.9265897328205,,1747.7298140840167,321.79368817276554,
3,2840,,2904.923633100021,1110.674295640777,,2911.091247928128,818.7613729813652,,2914.1123069785626,772.168820063132,,2922.2830361357937,713.1541959198964,,2445.6106699887696,385.9487995289028,,3294.4192634560895,534.7226237271539,,2917.134913234152,384.34326324358744,
1,2920,,696.651678425801,1132.4306695784544,,724.5756671915842,884.0304947943964,,741.1944599530666,758.5710863520835,,730.3283619148328,707.7151024354771,,416.828800300387,875.4672131266357,,895.7790368271963,455.85576820307574,,850.2793891548354,351.7087023370716,
2,2920,,1735.5185339498803,1135.1502163206646,,1679.1365737071646,748.0531576839148,,1663.1208055621319,666.1064971169562,,1665.8524412349461,628.8482469113978,,2260.681491518515,535.5238703504313,,1417.9320113314457,270.9265897328205,,1750.4493608262264,313.63504794613664,
3,2920,,2904.923633100021,1110.674295640777,,2911.091247928128,818.7613729813652,,2914.1123069785626,772.168820063132,,2922.2830361357937,713.1541959198964,,2451.049763473189,372.35106581785453,,3294.4192634560895,534.7226237271539,,2917.134913234152,384.34326324358744,
1,3001,,696.651678425801,1132.4306695784544,,724.5756671915842,884.0304947943964,,741.1944599530666,758.5710863520835,,730.3283619148328,707.7151024354771,,416.828800300387,875.4672131266357,,890.3399433427771,436.8189410076084,,850.2793891548354,351.7087023370716,
2,3001,,1735.5185339498803,1135.1502163206646,,1679.1365737071646,748.0531576839148,,1663.1208055621319,666.1064971169562,,1665.8524412349461,628.8482469113978,,2255.2423980340964,502.88930944391564,,1415.2124645892363,260.0484027639819,,1750.4493608262264,310.9155012039271,
3,3001,,2904.923633100021,1110.674295640777,,2911.091247928128,818.7613729813652,,2914.1123069785626,772.168820063132,,2922.2830361357937,713.1541959198964,,2451.049763473189,372.35106581785453,,3294.4192634560895,534.7226237271539,,2917.134913234152,384.34326324358744,
1,3082,,696.651678425801,1132.4306695784544,,724.5756671915842,884.0304947943964,,741.1944599530666,758.5710863520835,,730.3283619148328,707.7151024354771,,416.828800300387,875.4672131266357,,890.3399433427771,436.8189410076084,,874.7553098347221,362.58688930591006,
2,3082,,1735.5185339498803,1135.1502163206646,,1679.1365737071646,748.0531576839148,,1663.1208055621319,666.1064971169562,,1665.8524412349461,628.8482469113978,,2255.2423980340964,502.88930944391564,,1415.2124645892363,260.0484027639819,,1750.4493608262264,310.9155012039271,
3,3082,,2904.923633100021,1110.674295640777,,2911.091247928128,818.7613729813652,,2914.1123069785626,772.168820063132,,2922.2830361357937,713.1541959198964,,2451.049763473189,372.35106581785453,,3294.4192634560895,534.7226237271539,,2917.134913234152,384.34326324358744,
1,3162,,696.651678425801,1132.4306695784544,,724.5756671915842,884.0304947943964,,741.1944599530666,758.5710863520835,,730.3283619148328,707.7151024354771,,416.828800300387,875.4672131266357,,890.3399433427771,436.8189410076084,,907.3898707412377,370.74552953253897,
2,3162,,1735.5185339498803,1135.1502163206646,,1679.1365737071646,748.0531576839148,,1663.1208055621319,666.1064971169562,,1665.8524412349461,628.8482469113978,,2255.2423980340964,502.88930944391564,,1404.3342776203976,306.28069738154545,,1750.4493608262264,310.9155012039271,
3,3162,,2904.923633100021,1110.674295640777,,2911.091247928128,818.7613729813652,,2914.1123069785626,772.168820063132,,2922.2830361357937,713.1541959198964,,2451.049763473189,385.94879952890255,,3302.577903682717,556.4789976648308,,2917.134913234152,384.34326324358744,
1,3242,,696.651678425801,1132.4306695784544,,724.5756671915842,884.0304947943964,,741.1944599530666,758.5710863520835,,730.3283619148328,707.7151024354771,,416.828800300387,875.4672131266357,,890.3399433427771,436.8189410076084,,907.3898707412377,370.74552953253897,
2,3242,,1735.5185339498803,1135.1502163206646,,1679.1365737071646,748.0531576839148,,1663.1208055621319,666.1064971169562,,1665.8524412349461,628.8482469113978,,2252.5228512918857,519.2065898971734,,1404.3342776203976,306.28069738154545,,1769.486188021694,308.1959544617175,
3,3242,,2904.923633100021,1110.674295640777,,2911.091247928128,818.7613729813652,,2914.1123069785626,772.168820063132,,2922.2830361357937,713.1541959198964,,2437.452029762141,407.7051734665797,,3316.175637393764,610.8699325090236,,2903.537179523105,387.06280998579723,
1,3323,,696.651678425801,1132.4306695784544,,724.5756671915842,884.0304947943964,,741.1944599530666,758.5710863520835,,730.3283619148328,707.7151024354771,,416.828800300387,875.4672131266357,,871.3031161473095,458.5753149452853,,,,
2,3323,,1735.5185339498803,1135.1502163206646,,1679.1365737071646,748.0531576839148,,1663.1208055621319,666.1064971169562,,1665.8524412349461,628.8482469113978,,2249.803304549676,543.6825105770602,,1398.895184135978,338.91525828806095,,1810.279389154839,308.1959544617174,
3,3323,,2904.923633100021,1110.674295640777,,2911.091247928128,818.7613729813652,,2914.1123069785626,772.168820063132,,2922.2830361357937,713.1541959198964,,2423.854296051093,424.0224539198375,,3316.175637393764,632.6263064467003,,2879.0612588432186,414.2582774078935,
1,3404,,696.651678425801,1132.4306695784544,,724.5756671915842,884.0304947943964,,741.1944599530666,758.5710863520835,,730.3283619148328,707.7151024354771,,416.828800300387,875.4672131266357,,909.3767705382443,431.379847523189,,,,
2,3404,,1735.5185339498803,1135.1502163206646,,1679.1365737071646,748.0531576839148,,1663.1208055621319,666.1064971169562,,1665.8524412349461,628.8482469113978,,2276.998771971772,568.1584312569466,,1377.1388101983011,374.26936593678613,,1823.877122865887,316.3545946883462,
3,3404,,2904.923633100021,1110.674295640777,,2911.091247928128,818.7613729813652,,2914.1123069785626,772.168820063132,,2922.2830361357937,713.1541959198964,,2421.1347493088833,462.09610831077225,,3316.175637393764,670.6999608376352,,2870.90261861659,430.5755578611513,
1,3482,,696.651678425801,1132.4306695784544,,724.5756671915842,884.0304947943964,,741.1944599530666,758.5710863520835,,730.3283619148328,707.7151024354771,,416.828800300387,875.4672131266357,,898.4985835694056,453.13622146086595,,,,
2,3482,,1735.5185339498803,1135.1502163206646,,1679.1365737071646,748.0531576839148,,1663.1208055621319,666.1064971169562,,1665.8524412349461,628.8482469113978,,2285.1574121984004,608.9516323900912,,1385.2974504249296,474.8925953985424,,1859.2312305146115,365.3064360481196,
3,3482,,2904.923633100021,1110.674295640777,,2911.091247928128,818.7613729813652,,2914.1123069785626,772.168820063132,,2922.2830361357937,713.1541959198964,,2399.378375371207,489.2915757328685,,3316.175637393764,722.3713489396182,,2811.0725902879785,512.1619601274401,
1,3565,,696.651678425801,1132.4306695784544,,724.5756671915842,884.0304947943964,,741.1944599530666,758.5710863520835,,730.3283619148328,707.7151024354771,,416.828800300387,875.4672131266357,,912.0963172804536,469.45350191412376,,,,
2,3565,,1735.5185339498803,1135.1502163206646,,1679.1365737071646,748.0531576839148,,1663.1208055621319,666.1064971169562,,1665.8524412349461,628.8482469113978,,2276.99877197177,647.0252867810259,,1390.7365439093483,515.685796531687,,1870.1094174834507,389.78235672800633,
3,3565,,2904.923633100021,1110.674295640777,,2911.091247928128,818.7613729813652,,2914.1123069785626,772.168820063132,,2922.2830361357937,713.1541959198964,,2372.18290794911,535.5238703504322,,3316.175637393764,722.3713489396182,,2786.5966696080914,620.9438298158254,
1,3648,,696.651678425801,1132.4306695784544,,724.5756671915842,884.0304947943964,,741.1944599530666,758.5710863520835,,730.3283619148328,707.7151024354771,,416.828800300387,875.4672131266357,,914.8158640226629,485.77078236738157,,,,
2,3648,,1735.5185339498803,1135.1502163206646,,1679.1365737071646,748.0531576839148,,1663.1208055621319,666.1064971169562,,1665.8524412349461,628.8482469113978,,2285.1574121983995,666.0621139764935,,1371.6997167138811,556.4789976648315,,1870.1094174834507,389.78235672800633,
3,3648,,2904.923633100021,1110.674295640777,,2911.091247928128,818.7613729813652,,2914.1123069785626,772.168820063132,,2922.2830361357937,713.1541959198964,,2355.865627495854,565.4388845147382,,3316.175637393764,722.3713489396182,,2792.035763092511,634.5415635268737,
1,3725,,696.651678425801,1132.4306695784544,,724.5756671915842,884.0304947943964,,741.1944599530666,758.5710863520835,,730.3283619148328,707.7151024354771,,416.828800300387,875.4672131266357,,944.7308781869688,521.1248900161067,,,,
2,3725,,1735.5185339498803,1135.1502163206646,,1679.1365737071646,748.0531576839148,,1663.1208055621319,666.1064971169562,,1665.8524412349461,628.8482469113978,,2285.1574121983995,666.0621139764935,,1374.4192634560904,564.6376378914601,,1878.2680577100791,422.41691763452195,
3,3725,,2904.923633100021,1110.674295640777,,2911.091247928128,818.7613729813652,,2914.1123069785626,772.168820063132,,2922.2830361357937,713.1541959198964,,2355.865627495854,579.0366182257862,,3316.175637393764,741.4081761350858,,2786.5966696080905,669.8956711755986,
1,3806,,696.651678425801,1132.4306695784544,,724.5756671915842,884.0304947943964,,741.1944599530666,758.5710863520835,,730.3283619148328,707.7151024354771,,416.828800300387,875.4672131266357,,944.7308781869688,521.1248900161067,,,,
2,3806,,1735.5185339498803,1135.1502163206646,,1679.1365737071646,748.0531576839148,,1663.1208055621319,666.1064971169562,,1665.8524412349461,628.8482469113978,,2268.8401317451426,687.8184879141704,,1374.4192634560904,564.6376378914601,,1878.2680577100791,422.41691763452195,
3,3806,,2904.923633100021,1110.674295640777,,2911.091247928128,818.7613729813652,,2914.1123069785626,772.168820063132,,2922.2830361357937,713.1541959198964,,2355.865627495854,608.9516323900925,,3310.7365439093446,744.1277228772956,,2753.962108701574,702.5302320821143,
1,3887,,696.651678425801,1132.4306695784544,,724.5756671915842,884.0304947943964,,741.1944599530666,758.5710863520835,,730.3283619148328,707.7151024354771,,416.828800300387,875.4672131266357,,944.7308781869688,521.1248900161067,,,,
2,3887,,1735.5185339498803,1135.1502163206646,,1679.1365737071646,748.0531576839148,,1663.1208055621319,666.1064971169562,,1665.8524412349461,628.8482469113978,,2268.8401317451426,687.8184879141704,,1374.4192634560904,564.6376378914601,,1878.2680577100791,422.41691763452195,
3,3887,,2904.923633100021,1110.674295640777,,2911.091247928128,818.7613729813652,,2914.1123069785626,772.168820063132,,2922.2830361357937,713.1541959198964,,2355.865627495854,608.9516323900925,,3310.7365439093446,744.1277228772956,,2764.840295670414,672.6152179178082,
1,3966,,696.651678425801,1132.4306695784544,,724.5756671915842,884.0304947943964,,741.1944599530666,758.5710863520835,,730.3283619148328,707.7151024354771,,433.1460807536448,850.991292446749,,936.5722379603394,488.49032910959113,,,,
2,3966,,1735.5185339498803,1135.1502163206646,,1679.1365737071646,748.0531576839148,,1663.1208055621319,666.1064971169562,,1665.8524412349461,628.8482469113978,,2274.279225229562,676.9403009453317,,1396.1756373937678,586.3940118291373,,1878.2680577100791,422.41691763452195,
3,3966,,2904.923633100021,1110.674295640777,,2911.091247928128,818.7613729813652,,2914.1123069785626,772.168820063132,,2922.2830361357937,713.1541959198964,,2355.865627495854,608.9516323900925,,3310.7365439093446,744.1277228772956,,2764.840295670414,664.4565776911791,
1,4047,,696.651678425801,1132.4306695784544,,724.5756671915842,884.0304947943964,,741.1944599530666,758.5710863520835,,730.3283619148328,707.7151024354771,,433.1460807536448,850.991292446749,,936.5722379603394,504.80760956284894,,,,
2,4047,,1735.5185339498803,1135.1502163206646,,1679.1365737071646,748.0531576839148,,1663.1208055621319,666.1064971169562,,1665.8524412349461,628.8482469113978,,2282.4378654561906,668.781660718703,,1393.456090651558,572.796278118089,,1883.7071511944987,441.4537448299893,
3,4047,,2904.923633100021,1110.674295640777,,2911.091247928128,818.7613729813652,,2914.1123069785626,772.168820063132,,2922.2830361357937,713.1541959198964,,2344.9874405270148,581.756164967996,,3310.7365439093446,735.9690826506667,,2772.9989358970433,639.9806570112924,
1,4128,,696.651678425801,1132.4306695784544,,724.5756671915842,884.0304947943964,,741.1944599530666,758.5710863520835,,730.3283619148328,707.7151024354771,,433.1460807536448,850.991292446749,,936.5722379603394,504.80760956284894,,,,
2,4128,,1735.5185339498803,1135.1502163206646,,1679.1365737071646,748.0531576839148,,1663.1208055621319,666.1064971169562,,1665.8524412349461,628.8482469113978,,2282.4378654561906,668.781660718703,,1396.1756373937674,545.6008106959928,,1883.7071511944987,441.4537448299893,
3,4128,,2904.923633100021,1110.674295640777,,2911.091247928128,818.7613729813652,,2914.1123069785626,772.168820063132,,2922.2830361357937,713.1541959198964,,2355.865627495852,565.4388845147382,,3310.7365439093446,735.9690826506667,,2786.5966696080914,607.346096104777,
1,4208,,696.651678425801,1132.4306695784544,,724.5756671915842,884.0304947943964,,741.1944599530666,758.5710863520835,,730.3283619148328,707.7151024354771,,416.828800300387,856.4303859311681,,936.5722379603394,504.80760956284894,,,,
2,4208,,1735.5185339498803,1135.1502163206646,,1679.1365737071646,748.0531576839148,,1663.1208055621319,666.1064971169562,,1665.8524412349461,628.8482469113978,,2287.8769589406093,657.9034737498644,,1398.8951841359763,521.1248900161063,,1883.7071511944987,441.4537448299893,
3,4208,,2904.923633100021,1110.674295640777,,2911.091247928128,818.7613729813652,,2914.1123069785626,772.168820063132,,2922.2830361357937,713.1541959198964,,2364.0242677224805,546.4020573192709,,3310.7365439093446,735.9690826506667,,2786.5966696080905,582.8701754248905,
1,4289,,696.651678425801,1132.4306695784544,,724.5756671915842,884.0304947943964,,741.1944599530666,758.5710863520835,,730.3283619148328,707.7151024354771,,433.1460807536448,840.1131054779103,,936.5722379603394,480.33168888296245,,,,
2,4289,,1735.5185339498803,1135.1502163206646,,1679.1365737071646,748.0531576839148,,1663.1208055621319,666.1064971169562,,1665.8524412349461,628.8482469113978,,2287.8769589406093,657.9034737498644,,1390.7365439093478,480.33168888296177,,1883.7071511944987,441.4537448299893,
3,4289,,2904.923633100021,1110.674295640777,,2911.091247928128,818.7613729813652,,2914.1123069785626,772.168820063132,,2922.2830361357937,713.1541959198964,,2374.902454691318,519.2065898971744,,3294.4192634560877,716.9322554551991,,2800.1944033191394,550.2356145183749,
1,4383,,696.651678425801,1132.4306695784544,,724.5756671915842,884.0304947943964,,741.1944599530666,758.5710863520835,,730.3283619148328,707.7151024354771,,433.1460807536448,850.991292446749,,901.218130311614,502.0880628206394,,,,
2,4383,,1735.5185339498803,1135.1502163206646,,1679.1365737071646,748.0531576839148,,1663.1208055621319,666.1064971169562,,1665.8524412349461,628.8482469113978,,2260.6814915185114,603.5125389056714,,1377.1388101982998,464.01440842970396,,1883.7071511944987,441.4537448299893,
3,4383,,2904.923633100021,1110.674295640777,,2911.091247928128,818.7613729813652,,2914.1123069785626,772.168820063132,,2922.2830361357937,713.1541959198964,,2407.5370155978344,489.2915757328685,,3294.4192634560877,716.9322554551991,,2821.950777256816,468.64921225208604,
1,4450,,696.651678425801,1132.4306695784544,,724.5756671915842,884.0304947943964,,741.1944599530666,758.5710863520835,,730.3283619148328,707.7151024354771,,416.828800300387,856.4303859311681,,901.218130311614,502.0880628206394,,,,
2,4450,,1735.5185339498803,1135.1502163206646,,1679.1365737071646,748.0531576839148,,1663.1208055621319,666.1064971169562,,1665.8524412349461,628.8482469113978,,2260.6814915185114,603.5125389056714,,1379.8583569405096,363.39117896794755,,1905.463525132176,403.38009043905436,
3,4450,,2904.923633100021,1110.674295640777,,2911.091247928128,818.7613729813652,,2914.1123069785626,772.168820063132,,2922.2830361357937,713.1541959198964,,2402.0979221134157,462.09610831077225,,3335.2124645892327,706.0540684863608,,2887.219899069847,392.5019034702161,
1,4531,,696.651678425801,1132.4306695784544,,724.5756671915842,884.0304947943964,,741.1944599530666,758.5710863520835,,730.3283619148328,707.7151024354771,,416.828800300387,856.4303859311681,,901.218130311614,502.0880628206394,,820.3643749905291,430.57555786115086,
2,4531,,1735.5185339498803,1135.1502163206646,,1679.1365737071646,748.0531576839148,,1663.1208055621319,666.1064971169562,,1665.8524412349461,628.8482469113978,,2271.5596784873496,581.7561649679942,,1374.41926345609,311.71979086596457,,1878.2680577100791,346.269608852652,
3,4531,,2904.923633100021,1110.674295640777,,2911.091247928128,818.7613729813652,,2914.1123069785626,772.168820063132,,2922.2830361357937,713.1541959198964,,2402.0979221134157,462.09610831077225,,3340.6515580736504,670.6999608376359,,2895.3785392964755,354.42824907928116,
1,4612,,696.651678425801,1132.4306695784544,,724.5756671915842,884.0304947943964,,741.1944599530666,758.5710863520835,,730.3283619148328,707.7151024354771,,416.828800300387,856.4303859311681,,901.218130311614,502.0880628206394,,831.2425619593673,387.0628099857968,
2,4612,,1735.5185339498803,1135.1502163206646,,1679.1365737071646,748.0531576839148,,1663.1208055621319,666.1064971169562,,1665.8524412349461,628.8482469113978,,2271.5596784873505,549.1216040614786,,1390.7365439093473,260.0484027639816,,1826.5966696080968,297.3177674928786,
3,4612,,2904.923633100021,1110.674295640777,,2911.091247928128,818.7613729813652,,2914.1123069785626,772.168820063132,,2922.2830361357937,713.1541959198964,,2393.9392818867873,451.2179213419338,,3329.773371104813,610.8699325090242,,2917.134913234153,340.8305153682329,
1,4694,,696.651678425801,1132.4306695784544,,724.5756671915842,884.0304947943964,,741.1944599530666,758.5710863520835,,730.3283619148328,707.7151024354771,,416.828800300387,856.4303859311681,,895.7790368271944,483.051235625172,,852.9989358970442,373.4650762747485,
2,4694,,1735.5185339498803,1135.1502163206646,,1679.1365737071646,748.0531576839148,,1663.1208055621319,666.1064971169562,,1665.8524412349461,628.8482469113978,,2271.5596784873505,549.1216040614786,,1385.2974504249278,243.73112231072378,,1802.1207489282097,261.9636598441534,
3,4694,,2904.923633100021,1110.674295640777,,2911.091247928128,818.7613729813652,,2914.1123069785626,772.168820063132,,2922.2830361357937,713.1541959198964,,2410.256562340044,426.7420006620471,,3324.3342776203936,580.954918344718,,2917.134913234153,340.8305153682329,
1,4773,,696.651678425801,1132.4306695784544,,724.5756671915842,884.0304947943964,,741.1944599530666,758.5710863520835,,730.3283619148328,707.7151024354771,,416.828800300387,856.4303859311681,,895.7790368271944,483.051235625172,,852.9989358970442,373.4650762747485,
2,4773,,1735.5185339498803,1135.1502163206646,,1679.1365737071646,748.0531576839148,,1663.1208055621319,666.1064971169562,,1665.8524412349461,628.8482469113978,,2271.5596784873505,549.1216040614786,,1385.2974504249278,243.73112231072378,,1802.1207489282097,261.9636598441534,
3,4773,,2904.923633100021,1110.674295640777,,2911.091247928128,818.7613729813652,,2914.1123069785626,772.168820063132,,2922.2830361357937,713.1541959198964,,2410.256562340044,426.7420006620471,,3324.3342776203936,580.954918344718,,2917.134913234153,340.8305153682329,
1,4849,,696.651678425801,1132.4306695784544,,724.5756671915842,884.0304947943964,,741.1944599530666,758.5710863520835,,730.3283619148328,707.7151024354771,,416.828800300387,856.4303859311681,,895.7790368271944,466.7339551719142,,866.5966696080923,357.1477958214907,
2,4849,,1735.5185339498803,1135.1502163206646,,1679.1365737071646,748.0531576839148,,1663.1208055621319,666.1064971169562,,1665.8524412349461,628.8482469113978,,2257.9619447763025,521.9261366393823,,1385.2974504249278,243.73112231072378,,1802.1207489282097,261.9636598441534,
3,4849,,2904.923633100021,1110.674295640777,,2911.091247928128,818.7613729813652,,2914.1123069785626,772.168820063132,,2922.2830361357937,713.1541959198964,,2418.4152025666735,396.826986497741,,3318.895184135974,545.600810695993,,2917.134913234153,340.8305153682329,
1,4936,,696.651678425801,1132.4306695784544,,724.5756671915842,884.0304947943964,,741.1944599530666,758.5710863520835,,730.3283619148328,707.7151024354771,,416.828800300387,856.4303859311681,,895.7790368271944,466.7339551719142,,866.5966696080923,357.1477958214907,
2,4936,,1735.5185339498803,1135.1502163206646,,1679.1365737071646,748.0531576839148,,1663.1208055621319,666.1064971169562,,1665.8524412349461,628.8482469113978,,2260.6814915185114,508.32840292833407,,1385.2974504249278,243.73112231072378,,1796.681655443791,237.4877391642667,
3,4936,,2904.923633100021,1110.674295640777,,2911.091247928128,818.7613729813652,,2914.1123069785626,772.168820063132,,2922.2830361357937,713.1541959198964,,2418.4152025666735,396.826986497741,,3318.895184135974,545.600810695993,,2917.134913234153,340.8305153682329,
1,5014,,696.651678425801,1132.4306695784544,,724.5756671915842,884.0304947943964,,741.1944599530666,758.5710863520835,,730.3283619148328,707.7151024354771,,416.828800300387,856.4303859311681,,895.7790368271944,466.7339551719142,,863.8771228658829,395.22145021242545,
2,5014,,1735.5185339498803,1135.1502163206646,,1679.1365737071646,748.0531576839148,,1663.1208055621319,666.1064971169562,,1665.8524412349461,628.8482469113978,,2260.6814915185114,508.32840292833407,,1363.5410764872508,265.4874962484008,,1821.1575761236772,234.76819242205693,
3,5014,,2904.923633100021,1110.674295640777,,2911.091247928128,818.7613729813652,,2914.1123069785626,772.168820063132,,2922.2830361357937,713.1541959198964,,2418.4152025666735,396.826986497741,,3318.895184135974,545.600810695993,,2917.134913234153,340.8305153682329,
1,5095,,696.651678425801,1132.4306695784544,,724.5756671915842,884.0304947943964,,741.1944599530666,758.5710863520835,,730.3283619148328,707.7151024354771,,416.828800300387,856.4303859311681,,895.7790368271944,466.7339551719142,,863.8771228658829,395.22145021242545,
2,5095,,1735.5185339498803,1135.1502163206646,,1679.1365737071646,748.0531576839148,,1663.1208055621319,666.1064971169562,,1665.8524412349461,628.8482469113978,,2263.401038260722,527.3652301238014,,1363.5410764872508,265.4874962484008,,1821.1575761236772,234.76819242205693,
3,5095,,2904.923633100021,1110.674295640777,,2911.091247928128,818.7613729813652,,2914.1123069785626,772.168820063132,,2922.2830361357937,713.1541959198964,,2418.4152025666735,396.826986497741,,3327.0538243626033,599.991745540186,,2917.134913234153,340.8305153682329,
1,5176,,696.651678425801,1132.4306695784544,,724.5756671915842,884.0304947943964,,741.1944599530666,758.5710863520835,,730.3283619148328,707.7151024354771,,416.828800300387,856.4303859311681,,895.7790368271944,466.7339551719142,,,,
2,5176,,1735.5185339498803,1135.1502163206646,,1679.1365737071646,748.0531576839148,,1663.1208055621319,666.1064971169562,,1665.8524412349461,628.8482469113978,,2263.401038260722,527.3652301238014,,1347.223796033993,298.12205715491655,,1823.877122865887,261.9636598441533,
3,5176,,2904.923633100021,1110.674295640777,,2911.091247928128,818.7613729813652,,2914.1123069785626,772.168820063132,,2922.2830361357937,713.1541959198964,,2404.8174688556264,429.4615474042564,,3327.0538243626033,599.991745540186,,2884.5003523276364,335.39142188381356,
1,5256,,696.651678425801,1132.4306695784544,,724.5756671915842,884.0304947943964,,741.1944599530666,758.5710863520835,,730.3283619148328,707.7151024354771,,416.828800300387,856.4303859311681,,895.7790368271944,466.7339551719142,,,,
2,5256,,1735.5185339498803,1135.1502163206646,,1679.1365737071646,748.0531576839148,,1663.1208055621319,666.1064971169562,,1665.8524412349461,628.8482469113978,,2290.596505682819,581.7561649679944,,1341.784702549573,404.1843801010921,,1880.987604452289,310.91550120392685,
3,5256,,2904.923633100021,1110.674295640777,,2911.091247928128,818.7613729813652,,2914.1123069785626,772.168820063132,,2922.2830361357937,713.1541959198964,,2388.5001884023686,451.21792134193356,,3348.81019830028,681.5781478064746,,2813.7921370301856,441.4537448299893,
1,5340,,696.651678425801,1132.4306695784544,,724.5756671915842,884.0304947943964,,741.1944599530666,758.5710863520835,,730.3283619148328,707.7151024354771,,416.828800300387,856.4303859311681,,895.7790368271944,466.7339551719142,,,,
2,5340,,1735.5185339498803,1135.1502163206646,,1679.1365737071646,748.0531576839148,,1663.1208055621319,666.1064971169562,,1665.8524412349461,628.8482469113978,,2293.316052425029,608.9516323900912,,1341.784702549573,404.1843801010921,,1910.9026186165947,373.4650762747484,
3,5340,,2904.923633100021,1110.674295640777,,2911.091247928128,818.7613729813652,,2914.1123069785626,772.168820063132,,2922.2830361357937,713.1541959198964,,2364.0242677224815,489.2915757328683,,3340.6515580736504,665.260867353217,,2821.950777256816,438.73419808777976,
1,5417,,696.651678425801,1132.4306695784544,,724.5756671915842,884.0304947943964,,741.1944599530666,758.5710863520835,,730.3283619148328,707.7151024354771,,416.828800300387,856.4303859311681,,920.2549575070811,496.64896933622026,,,,
2,5417,,1735.5185339498803,1135.1502163206646,,1679.1365737071646,748.0531576839148,,1663.1208055621319,666.1064971169562,,1665.8524412349461,628.8482469113978,,2293.316052425029,608.9516323900912,,1341.784702549573,404.1843801010921,,1910.9026186165947,343.55006211044235,
3,5417,,2904.923633100021,1110.674295640777,,2911.091247928128,818.7613729813652,,2914.1123069785626,772.168820063132,,2922.2830361357937,713.1541959198964,,2377.6220014335304,502.8893094439168,,3340.6515580736504,665.260867353217,,2821.950777256816,414.25827740789305,
1,5497,,696.651678425801,1132.4306695784544,,724.5756671915842,884.0304947943964,,741.1944599530666,758.5710863520835,,730.3283619148328,707.7151024354771,,416.828800300387,856.4303859311681,,920.2549575070811,496.64896933622026,,,,
2,5497,,1735.5185339498803,1135.1502163206646,,1679.1365737071646,748.0531576839148,,1663.1208055621319,666.1064971169562,,1665.8524412349461,628.8482469113978,,2287.87695894061,627.9884595855588,,1341.784702549573,480.33168888296177,,1935.378539296482,433.2951046033604,
3,5497,,2904.923633100021,1110.674295640777,,2911.091247928128,818.7613729813652,,2914.1123069785626,772.168820063132,,2922.2830361357937,713.1541959198964,,2366.743814464693,519.2065898971746,,3302.5779036827153,697.8954282597329,,2821.950777256816,414.25827740789305,
1,5577,,696.651678425801,1132.4306695784544,,724.5756671915842,884.0304947943964,,741.1944599530666,758.5710863520835,,730.3283619148328,707.7151024354771,,416.828800300387,856.4303859311681,,920.2549575070811,496.64896933622026,,,,
2,5577,,1735.5185339498803,1135.1502163206646,,1679.1365737071646,748.0531576839148,,1663.1208055621319,666.1064971169562,,1665.8524412349461,628.8482469113978,,2290.596505682819,641.586193296607,,1341.784702549573,512.9662497894774,,1943.5371795231104,476.8078524787147,
3,5577,,2904.923633100021,1110.674295640777,,2911.091247928128,818.7613729813652,,2914.1123069785626,772.168820063132,,2922.2830361357937,713.1541959198964,,2364.0242677224833,527.3652301238035,,3332.492917847021,746.8472696195063,,2821.950777256816,482.24694596313384,
1,5658,,696.651678425801,1132.4306695784544,,724.5756671915842,884.0304947943964,,741.1944599530666,758.5710863520835,,730.3283619148328,707.7151024354771,,416.828800300387,856.4303859311681,,920.2549575070811,526.5639835005261,,,,
2,5658,,1735.5185339498803,1135.1502163206646,,1679.1365737071646,748.0531576839148,,1663.1208055621319,666.1064971169562,,1665.8524412349461,628.8482469113978,,2290.596505682819,641.586193296607,,1336.345609065154,545.600810695993,,1946.2567262653201,487.6860394475534,
3,5658,,2904.923633100021,1110.674295640777,,2911.091247928128,818.7613729813652,,2914.1123069785626,772.168820063132,,2922.2830361357937,713.1541959198964,,2364.0242677224833,527.3652301238035,,3335.212464589231,790.3600174948606,,2827.3898707412354,506.72286664302055,
1,5738,,696.651678425801,1132.4306695784544,,724.5756671915842,884.0304947943964,,741.1944599530666,758.5710863520835,,730.3283619148328,707.7151024354771,,416.828800300387,856.4303859311681,,920.2549575070811,526.5639835005261,,,,
2,5738,,1735.5185339498803,1135.1502163206646,,1679.1365737071646,748.0531576839148,,1663.1208055621319,666.1064971169562,,1665.8524412349461,628.8482469113978,,2285.1574121983995,660.6230204920744,,1336.345609065154,545.600810695993,,1946.2567262653201,487.6860394475534,
3,5738,,2904.923633100021,1110.674295640777,,2911.091247928128,818.7613729813652,,2914.1123069785626,772.168820063132,,2922.2830361357937,713.1541959198964,,2364.0242677224833,527.3652301238035,,3335.212464589231,790.3600174948606,,2827.3898707412354,506.72286664302055,
1,5819,,696.651678425801,1132.4306695784544,,724.5756671915842,884.0304947943964,,741.1944599530666,758.5710863520835,,730.3283619148328,707.7151024354771,,416.828800300387,856.4303859311681,,920.2549575070811,526.5639835005261,,,,
2,5819,,1735.5185339498803,1135.1502163206646,,1679.1365737071646,748.0531576839148,,1663.1208055621319,666.1064971169562,,1665.8524412349461,628.8482469113978,,2285.1574121983995,660.6230204920744,,1322.747875354105,512.9662497894774,,1946.2567262653201,487.6860394475534,
3,5819,,2904.923633100021,1110.674295640777,,2911.091247928128,818.7613729813652,,2914.1123069785626,772.168820063132,,2922.2830361357937,713.1541959198964,,2364.0242677224833,527.3652301238035,,3348.81019830028,755.0059098461356,,2827.3898707412354,506.72286664302055,
1,5899,,696.651678425801,1132.4306695784544,,724.5756671915842,884.0304947943964,,741.1944599530666,758.5710863520835,,730.3283619148328,707.7151024354771,,416.828800300387,856.4303859311681,,920.2549575070811,526.5639835005261,,,,
2,5899,,1735.5185339498803,1135.1502163206646,,1679.1365737071646,748.0531576839148,,1663.1208055621319,666.1064971169562,,1665.8524412349461,628.8482469113978,,2285.1574121983995,660.6230204920744,,1322.747875354105,512.9662497894774,,1946.2567262653201,487.6860394475534,
3,5899,,2904.923633100021,1110.674295640777,,2911.091247928128,818.7613729813652,,2914.1123069785626,772.168820063132,,2922.2830361357937,713.1541959198964,,2364.0242677224833,527.3652301238035,,3348.81019830028,755.0059098461356,,2824.6703239990256,490.40558618976274,
1,5979,,696.651678425801,1132.4306695784544,,724.5756671915842,884.0304947943964,,741.1944599530666,758.5710863520835,,730.3283619148328,707.7151024354771,,416.828800300387,856.4303859311681,,920.2549575070811,526.5639835005261,,,,
2,5979,,1735.5185339498803,1135.1502163206646,,1679.1365737071646,748.0531576839148,,1663.1208055621319,666.1064971169562,,1665.8524412349461,628.8482469113978,,2285.1574121983995,660.6230204920744,,1303.711048158637,458.5753149452846,,1962.574006718578,444.17329157219933,
3,5979,,2904.923633100021,1110.674295640777,,2911.091247928128,818.7613729813652,,2914.1123069785626,772.168820063132,,2922.2830361357937,713.1541959198964,,2380.341548175741,492.0111224750783,,3346.09065155807,730.5299891662489,,2832.828964225654,452.331931798828,
1,6057,,696.651678425801,1132.4306695784544,,724.5756671915842,884.0304947943964,,741.1944599530666,758.5710863520835,,730.3283619148328,707.7151024354771,,416.828800300387,856.4303859311681,,920.2549575070811,526.5639835005261,,,,
2,6057,,1735.5185339498803,1135.1502163206646,,1679.1365737071646,748.0531576839148,,1663.1208055621319,666.1064971169562,,1665.8524412349461,628.8482469113978,,2285.1574121983995,660.6230204920744,,1306.4305949008467,431.37984752318835,,1962.574006718578,444.17329157219933,
3,6057,,2904.923633100021,1110.674295640777,,2911.091247928128,818.7613729813652,,2914.1123069785626,772.168820063132,,2922.2830361357937,713.1541959198964,,2380.341548175741,492.0111224750783,,3351.5297450424896,676.1390543220559,,2835.548510967864,433.29510460336064,
1,6143,,696.651678425801,1132.4306695784544,,724.5756671915842,884.0304947943964,,741.1944599530666,758.5710863520835,,730.3283619148328,707.7151024354771,,416.828800300387,856.4303859311681,,920.2549575070811,526.5639835005261,,,,
2,6143,,1735.5185339498803,1135.1502163206646,,1679.1365737071646,748.0531576839148,,1663.1208055621319,666.1064971169562,,1665.8524412349461,628.8482469113978,,2285.1574121983995,660.6230204920744,,1303.711048158637,412.343020327721,,1962.574006718578,444.17329157219933,
3,6143,,2904.923633100021,1110.674295640777,,2911.091247928128,818.7613729813652,,2914.1123069785626,772.168820063132,,2922.2830361357937,713.1541959198964,,2388.5001884023686,462.09610831077225,,3351.5297450424896,676.1390543220559,,2838.2680577100746,406.09963718126437,
1,6222,,696.651678425801,1132.4306695784544,,724.5756671915842,884.0304947943964,,741.1944599530666,758.5710863520835,,730.3283619148328,707.7151024354771,,416.828800300387,856.4303859311681,,920.2549575070811,526.5639835005261,,,,
2,6222,,1735.5185339498803,1135.1502163206646,,1679.1365737071646,748.0531576839148,,1663.1208055621319,666.1064971169562,,1665.8524412349461,628.8482469113978,,2285.1574121983995,660.6230204920744,,1311.8696883852654,357.95208548352844,,1965.2935534607877,400.6605436968455,
3,6222,,2904.923633100021,1110.674295640777,,2911.091247928128,818.7613729813652,,2914.1123069785626,772.168820063132,,2922.2830361357937,713.1541959198964,,2388.5001884023686,462.09610831077225,,3354.2492917846994,646.2240401577501,,2851.8657914211217,370.74552953253897,
1,6301,,696.651678425801,1132.4306695784544,,724.5756671915842,884.0304947943964,,741.1944599530666,758.5710863520835,,730.3283619148328,707.7151024354771,,416.828800300387,856.4303859311681,,920.2549575070811,526.5639835005261,,804.0470945372713,452.3319317988278,
2,6301,,1735.5185339498803,1135.1502163206646,,1679.1365737071646,748.0531576839148,,1663.1208055621319,666.1064971169562,,1665.8524412349461,628.8482469113978,,2279.71831871398,647.0252867810259,,1290.113314447588,309.000244123755,,1954.4153664919495,359.8673425637011,
3,6301,,2904.923633100021,1110.674295640777,,2911.091247928128,818.7613729813652,,2914.1123069785626,772.168820063132,,2922.2830361357937,713.1541959198964,,2404.8174688556246,437.62018763088554,,3343.3711048158602,627.1872129622825,,2862.743978389959,338.11096862602335,
1,6384,,696.651678425801,1132.4306695784544,,724.5756671915842,884.0304947943964,,741.1944599530666,758.5710863520835,,730.3283619148328,707.7151024354771,,416.828800300387,856.4303859311681,,920.2549575070811,526.5639835005261,,809.4861880216904,427.85601111894107,
2,6384,,1735.5185339498803,1135.1502163206646,,1679.1365737071646,748.0531576839148,,1663.1208055621319,666.1064971169562,,1665.8524412349461,628.8482469113978,,2279.71831871398,627.9884595855588,,1298.2719546742173,295.4025104127069,,1948.9762730075308,343.5500621104434,
3,6384,,2904.923633100021,1110.674295640777,,2911.091247928128,818.7613729813652,,2914.1123069785626,772.168820063132,,2922.2830361357937,713.1541959198964,,2404.8174688556246,437.62018763088554,,3348.81019830028,616.3090259934438,,2876.341712101008,316.3545946883463,
1,6462,,696.651678425801,1132.4306695784544,,724.5756671915842,884.0304947943964,,741.1944599530666,758.5710863520835,,730.3283619148328,707.7151024354771,,416.828800300387,856.4303859311681,,920.2549575070811,526.5639835005261,,809.4861880216904,427.85601111894107,
2,6462,,1735.5185339498803,1135.1502163206646,,1679.1365737071646,748.0531576839148,,1663.1208055621319,666.1064971169562,,1665.8524412349461,628.8482469113978,,2279.71831871398,627.9884595855588,,1298.2719546742173,295.4025104127069,,1946.256726265321,332.6718751416049,
3,6462,,2904.923633100021,1110.674295640777,,2911.091247928128,818.7613729813652,,2914.1123069785626,772.168820063132,,2922.2830361357937,713.1541959198964,,2412.976109082253,415.8638136932084,,3348.81019830028,616.3090259934438,,2876.341712101008,316.3545946883463,
1,6544,,696.651678425801,1132.4306695784544,,724.5756671915842,884.0304947943964,,741.1944599530666,758.5710863520835,,730.3283619148328,707.7151024354771,,416.828800300387,856.4303859311681,,920.2549575070811,526.5639835005261,,809.4861880216904,427.85601111894107,
2,6544,,1735.5185339498803,1135.1502163206646,,1679.1365737071646,748.0531576839148,,1663.1208055621319,666.1064971169562,,1665.8524412349461,628.8482469113978,,2279.71831871398,627.9884595855588,,1298.2719546742173,295.4025104127069,,1910.9026186165956,291.8786740084604,
3,6544,,2904.923633100021,1110.674295640777,,2911.091247928128,818.7613729813652,,2914.1123069785626,772.168820063132,,2922.2830361357937,713.1541959198964,,2412.976109082253,415.8638136932084,,3348.81019830028,589.1135585713473,,2928.0131002029902,297.31776749287894,
1,6624,,696.651678425801,1132.4306695784544,,724.5756671915842,884.0304947943964,,741.1944599530666,758.5710863520835,,730.3283619148328,707.7151024354771,,416.828800300387,856.4303859311681,,920.2549575070811,526.5639835005261,,831.2425619593673,414.2582774078928,
2,6624,,1735.5185339498803,1135.1502163206646,,1679.1365737071646,748.0531576839148,,1663.1208055621319,666.1064971169562,,1665.8524412349461,628.8482469113978,,2293.316052425027,614.3907258745107,,1298.2719546742173,295.4025104127069,,1910.9026186165956,291.8786740084604,
3,6624,,2904.923633100021,1110.674295640777,,2911.091247928128,818.7613729813652,,2914.1123069785626,772.168820063132,,2922.2830361357937,713.1541959198964,,2412.976109082253,415.8638136932084,,3348.81019830028,589.1135585713473,,2928.0131002029902,297.31776749287894,
1,6705,,696.651678425801,1132.4306695784544,,724.5756671915842,884.0304947943964,,741.1944599530666,758.5710863520835,,730.3283619148328,707.7151024354771,,416.828800300387,856.4303859311681,,920.2549575070811,526.5639835005261,,831.2425619593673,414.2582774078928,
2,6705,,1735.5185339498803,1135.1502163206646,,1679.1365737071646,748.0531576839148,,1663.1208055621319,666.1064971169562,,1665.8524412349461,628.8482469113978,,2296.035599167237,644.3057400388166,,1309.1501416430556,374.26936593678624,,1951.6958197497397,354.42824907928184,
3,6705,,2904.923633100021,1110.674295640777,,2911.091247928128,818.7613729813652,,2914.1123069785626,772.168820063132,,2922.2830361357937,713.1541959198964,,2412.976109082253,415.8638136932084,,3351.5297450424896,640.7849466733305,,2860.024431647749,335.3914218838138,
1,6787,,696.651678425801,1132.4306695784544,,724.5756671915842,884.0304947943964,,741.1944599530666,758.5710863520835,,730.3283619148328,707.7151024354771,,416.828800300387,856.4303859311681,,920.2549575070811,526.5639835005261,,831.2425619593673,414.2582774078928,
2,6787,,1735.5185339498803,1135.1502163206646,,1679.1365737071646,748.0531576839148,,1663.1208055621319,666.1064971169562,,1665.8524412349461,628.8482469113978,,2296.035599167237,644.3057400388166,,1300.9915014164271,415.06256706993054,,1951.6958197497397,354.42824907928184,
3,6787,,2904.923633100021,1110.674295640777,,2911.091247928128,818.7613729813652,,2914.1123069785626,772.168820063132,,2922.2830361357937,713.1541959198964,,2404.8174688556246,434.900640888676,,3351.5297450424896,640.7849466733305,,2789.3162163502984,406.09963718126414,
1,6865,,696.651678425801,1132.4306695784544,,724.5756671915842,884.0304947943964,,741.1944599530666,758.5710863520835,,730.3283619148328,707.7151024354771,,416.828800300387,856.4303859311681,,928.4135977337096,507.5271563050587,,831.2425619593673,414.2582774078928,
2,6865,,1735.5185339498803,1135.1502163206646,,1679.1365737071646,748.0531576839148,,1663.1208055621319,666.1064971169562,,1665.8524412349461,628.8482469113978,,2296.035599167237,644.3057400388166,,1276.5155807365409,423.22120729655944,,1951.6958197497397,329.95232839939524,
3,6865,,2904.923633100021,1110.674295640777,,2911.091247928128,818.7613729813652,,2914.1123069785626,772.168820063132,,2922.2830361357937,713.1541959198964,,2404.8174688556246,434.900640888676,,3324.3342776203936,632.6263064467016,,2770.279389154831,430.57555786115086,
1,6945,,696.651678425801,1132.4306695784544,,724.5756671915842,884.0304947943964,,741.1944599530666,758.5710863520835,,730.3283619148328,707.7151024354771,,416.828800300387,856.4303859311681,,928.4135977337096,507.5271563050587,,820.3643749905291,430.5755578611506,
2,6945,,1735.5185339498803,1135.1502163206646,,1679.1365737071646,748.0531576839148,,1663.1208055621319,666.1064971169562,,1665.8524412349461,628.8482469113978,,2296.035599167237,644.3057400388166,,1276.5155807365409,423.22120729655944,,1954.4153664919495,351.70870233707217,
3,6945,,2904.923633100021,1110.674295640777,,2911.091247928128,818.7613729813652,,2914.1123069785626,772.168820063132,,2922.2830361357937,713.1541959198964,,2361.30472098027,497.45021595949765,,3324.3342776203936,632.6263064467016,,2743.083921732734,476.8078524787147,
1,7026,,696.651678425801,1132.4306695784544,,724.5756671915842,884.0304947943964,,741.1944599530666,758.5710863520835,,730.3283619148328,707.7151024354771,,416.828800300387,856.4303859311681,,928.4135977337096,507.5271563050587,,820.3643749905291,430.5755578611506,
2,7026,,1735.5185339498803,1135.1502163206646,,1679.1365737071646,748.0531576839148,,1663.1208055621319,666.1064971169562,,1665.8524412349461,628.8482469113978,,2296.035599167237,660.6230204920744,,1276.5155807365409,423.22120729655944,,1954.4153664919495,351.70870233707217,
3,7026,,2904.923633100021,1110.674295640777,,2911.091247928128,818.7613729813652,,2914.1123069785626,772.168820063132,,2922.2830361357937,713.1541959198964,,2361.30472098027,497.45021595949765,,3346.09065155807,654.3826803843785,,2715.888454310638,517.601053611859,
1,7107,,696.651678425801,1132.4306695784544,,724.5756671915842,884.0304947943964,,741.1944599530666,758.5710863520835,,730.3283619148328,707.7151024354771,,416.828800300387,856.4303859311681,,928.4135977337096,507.5271563050587,,820.3643749905291,430.5755578611506,
2,7107,,1735.5185339498803,1135.1502163206646,,1679.1365737071646,748.0531576839148,,1663.1208055621319,666.1064971169562,,1665.8524412349461,628.8482469113978,,2296.035599167237,660.6230204920744,,1276.5155807365409,423.22120729655944,,1954.4153664919495,351.70870233707217,
3,7107,,2904.923633100021,1110.674295640777,,2911.091247928128,818.7613729813652,,2914.1123069785626,772.168820063132,,2922.2830361357937,713.1541959198964,,2350.4265340114316,527.3652301238037,,3351.5297450424896,687.0172412908942,,2751.2425619593632,476.8078524787145,
1,7187,,696.651678425801,1132.4306695784544,,724.5756671915842,884.0304947943964,,741.1944599530666,758.5710863520835,,730.3283619148328,707.7151024354771,,430.42653401143525,848.2717457045392,,928.4135977337096,507.5271563050587,,823.0839217327389,449.612385056618,
2,7187,,1735.5185339498803,1135.1502163206646,,1679.1365737071646,748.0531576839148,,1663.1208055621319,666.1064971169562,,1665.8524412349461,628.8482469113978,,2296.035599167237,660.6230204920744,,1290.113314447589,436.8189410076077,,1976.171740429626,389.782356728007,
3,7187,,2904.923633100021,1110.674295640777,,2911.091247928128,818.7613729813652,,2914.1123069785626,772.168820063132,,2922.2830361357937,713.1541959198964,,2350.4265340114316,527.3652301238037,,3351.5297450424896,687.0172412908942,,2762.1207489282024,460.4905720254569,
1,7267,,696.651678425801,1132.4306695784544,,724.5756671915842,884.0304947943964,,741.1944599530666,758.5710863520835,,730.3283619148328,707.7151024354771,,430.42653401143525,848.2717457045392,,928.4135977337096,507.5271563050587,,823.0839217327389,449.612385056618,
2,7267,,1735.5185339498803,1135.1502163206646,,1679.1365737071646,748.0531576839148,,1663.1208055621319,666.1064971169562,,1665.8524412349461,628.8482469113978,,2296.035599167237,660.6230204920744,,1320.0283286118952,439.53848774981725,,1976.171740429626,389.782356728007,
3,7267,,2904.923633100021,1110.674295640777,,2911.091247928128,818.7613729813652,,2914.1123069785626,772.168820063132,,2922.2830361357937,713.1541959198964,,2350.4265340114316,527.3652301238037,,3351.5297450424896,687.0172412908942,,2762.1207489282024,460.4905720254569,
1,7349,,696.651678425801,1132.4306695784544,,724.5756671915842,884.0304947943964,,741.1944599530666,758.5710863520835,,730.3283619148328,707.7151024354771,,430.42653401143525,848.2717457045392,,928.4135977337096,507.5271563050587,,823.0839217327389,449.612385056618,
2,7349,,1735.5185339498803,1135.1502163206646,,1679.1365737071646,748.0531576839148,,1663.1208055621319,666.1064971169562,,1665.8524412349461,628.8482469113978,,2287.8769589406083,671.5012074609131,,1311.8696883852663,455.85576820307506,,1973.4521936874162,400.6605436968455,
3,7349,,2904.923633100021,1110.674295640777,,2911.091247928128,818.7613729813652,,2914.1123069785626,772.168820063132,,2922.2830361357937,713.1541959198964,,2350.4265340114316,527.3652301238037,,3351.5297450424896,687.0172412908942,,2762.1207489282024,449.6123850566182,
1,7431,,696.651678425801,1132.4306695784544,,724.5756671915842,884.0304947943964,,741.1944599530666,758.5710863520835,,730.3283619148328,707.7151024354771,,430.42653401143525,848.2717457045392,,928.4135977337096,507.5271563050587,,823.0839217327389,449.612385056618,
2,7431,,1735.5185339498803,1135.1502163206646,,1679.1365737071646,748.0531576839148,,1663.1208055621319,666.1064971169562,,1665.8524412349461,628.8482469113978,,2287.8769589406083,671.5012074609131,,1309.1501416430565,474.8925953985424,,1973.4521936874162,400.6605436968455,
3,7431,,2904.923633100021,1110.674295640777,,2911.091247928128,818.7613729813652,,2914.1123069785626,772.168820063132,,2922.2830361357937,713.1541959198964,,2350.4265340114316,527.3652301238037,,3351.5297450424896,687.0172412908942,,2762.1207489282024,449.6123850566182,
1,7509,,696.651678425801,1132.4306695784544,,724.5756671915842,884.0304947943964,,741.1944599530666,758.5710863520835,,730.3283619148328,707.7151024354771,,430.42653401143525,848.2717457045392,,928.4135977337096,507.5271563050587,,823.0839217327389,449.612385056618,
2,7509,,1735.5185339498803,1135.1502163206646,,1679.1365737071646,748.0531576839148,,1663.1208055621319,666.1064971169562,,1665.8524412349461,628.8482469113978,,2287.8769589406083,671.5012074609131,,1309.1501416430565,474.8925953985424,,1976.171740429626,427.856011118942,
3,7509,,2904.923633100021,1110.674295640777,,2911.091247928128,818.7613729813652,,2914.1123069785626,772.168820063132,,2922.2830361357937,713.1541959198964,,2350.4265340114316,527.3652301238037,,3351.5297450424896,687.0172412908942,,2764.8402956704113,441.4537448299891,
1,7591,,696.651678425801,1132.4306695784544,,724.5756671915842,884.0304947943964,,741.1944599530666,758.5710863520835,,730.3283619148328,707.7151024354771,,430.42653401143525,848.2717457045392,,928.4135977337096,507.5271563050587,,823.0839217327389,449.612385056618,
2,7591,,1735.5185339498803,1135.1502163206646,,1679.1365737071646,748.0531576839148,,1663.1208055621319,666.1064971169562,,1665.8524412349461,628.8482469113978,,2287.8769589406083,671.5012074609131,,1309.1501416430565,474.8925953985424,,1962.574006718578,444.1732915721998,
3,7591,,2904.923633100021,1110.674295640777,,2911.091247928128,818.7613729813652,,2914.1123069785626,772.168820063132,,2922.2830361357937,713.1541959198964,,2350.4265340114316,527.3652301238037,,3351.5297450424896,687.0172412908942,,2764.8402956704113,441.4537448299891,
1,7672,,696.651678425801,1132.4306695784544,,724.5756671915842,884.0304947943964,,741.1944599530666,758.5710863520835,,730.3283619148328,707.7151024354771,,430.42653401143525,848.2717457045392,,928.4135977337096,507.5271563050587,,823.0839217327389,449.612385056618,
2,7672,,1735.5185339498803,1135.1502163206646,,1679.1365737071646,748.0531576839148,,1663.1208055621319,666.1064971169562,,1665.8524412349461,628.8482469113978,,2287.8769589406083,671.5012074609131,,1303.7110481586374,406.90392684330163,,1976.1717404296269,419.6973708923133,
3,7672,,2904.923633100021,1110.674295640777,,2911.091247928128,818.7613729813652,,2914.1123069785626,772.168820063132,,2922.2830361357937,713.1541959198964,,2350.4265340114316,527.3652301238037,,3351.5297450424896,687.0172412908942,,2824.670323999023,389.7823567280061,
1,7752,,696.651678425801,1132.4306695784544,,724.5756671915842,884.0304947943964,,741.1944599530666,758.5710863520835,,730.3283619148328,707.7151024354771,,430.42653401143525,848.2717457045392,,928.4135977337096,507.5271563050587,,823.0839217327389,449.612385056618,
2,7752,,1735.5185339498803,1135.1502163206646,,1679.1365737071646,748.0531576839148,,1663.1208055621319,666.1064971169562,,1665.8524412349461,628.8482469113978,,2287.8769589406074,663.3425672342844,,1303.7110481586374,355.23253874131865,,1976.1717404296269,370.7455295325399,
3,7752,,2904.923633100021,1110.674295640777,,2911.091247928128,818.7613729813652,,2914.1123069785626,772.168820063132,,2922.2830361357937,713.1541959198964,,2369.463361206899,508.3284029283366,,3359.688385269117,673.4195075798461,,2819.2312305146024,365.3064360481193,
1,7831,,696.651678425801,1132.4306695784544,,724.5756671915842,884.0304947943964,,741.1944599530666,758.5710863520835,,730.3283619148328,707.7151024354771,,430.42653401143525,848.2717457045392,,928.4135977337096,507.5271563050587,,825.8034684749482,414.2582774078928,
2,7831,,1735.5185339498803,1135.1502163206646,,1679.1365737071646,748.0531576839148,,1663.1208055621319,666.1064971169562,,1665.8524412349461,628.8482469113978,,2287.8769589406074,663.3425672342844,,1295.5524079320085,309.000244123755,,1976.1717404296269,321.7936881727667,
3,7831,,2904.923633100021,1110.674295640777,,2911.091247928128,818.7613729813652,,2914.1123069785626,772.168820063132,,2922.2830361357937,713.1541959198964,,2380.3415481757384,481.1329355062403,,3365.127478753535,654.382680384379,,2835.5485109678602,335.39142188381356,
1,7912,,696.651678425801,1132.4306695784544,,724.5756671915842,884.0304947943964,,741.1944599530666,758.5710863520835,,730.3283619148328,707.7151024354771,,430.42653401143525,848.2717457045392,,928.4135977337096,507.5271563050587,,828.5230152171575,414.2582774078928,
2,7912,,1735.5185339498803,1135.1502163206646,,1679.1365737071646,748.0531576839148,,1663.1208055621319,666.1064971169562,,1665.8524412349461,628.8482469113978,,2287.8769589406074,663.3425672342844,,1295.5524079320085,309.000244123755,,1973.452193687417,343.5500621104436,
3,7912,,2904.923633100021,1110.674295640777,,2911.091247928128,818.7613729813652,,2914.1123069785626,772.168820063132,,2922.2830361357937,713.1541959198964,,2380.3415481757384,481.1329355062403,,3351.529745042488,608.1503857668154,,2854.585338163328,321.7936881727653,
1,7992,,696.651678425801,1132.4306695784544,,724.5756671915842,884.0304947943964,,741.1944599530666,758.5710863520835,,730.3283619148328,707.7151024354771,,430.42653401143525,848.2717457045392,,928.4135977337096,507.5271563050587,,828.5230152171575,414.2582774078928,
2,7992,,1735.5185339498803,1135.1502163206646,,1679.1365737071646,748.0531576839148,,1663.1208055621319,666.1064971169562,,1665.8524412349461,628.8482469113978,,2287.8769589406074,663.3425672342844,,1295.5524079320085,309.000244123755,,1973.452193687417,343.5500621104436,
3,7992,,2904.923633100021,1110.674295640777,,2911.091247928128,818.7613729813652,,2914.1123069785626,772.168820063132,,2922.2830361357937,713.1541959198964,,2380.3415481757384,464.8156550529825,,3351.529745042488,608.1503857668154,,2854.585338163328,321.7936881727653,
1,8073,,696.651678425801,1132.4306695784544,,724.5756671915842,884.0304947943964,,741.1944599530666,758.5710863520835,,730.3283619148328,707.7151024354771,,430.42653401143525,848.2717457045392,,928.4135977337096,507.5271563050587,,828.5230152171575,414.2582774078928,
2,8073,,1735.5185339498803,1135.1502163206646,,1679.1365737071646,748.0531576839148,,1663.1208055621319,666.1064971169562,,1665.8524412349461,628.8482469113978,,2298.7551459094457,647.0252867810264,,1295.5524079320085,309.000244123755,,1984.3303806562553,329.95232839939536,
3,8073,,2904.923633100021,1110.674295640777,,2911.091247928128,818.7613729813652,,2914.1123069785626,772.168820063132,,2922.2830361357937,713.1541959198964,,2380.3415481757384,464.8156550529825,,3351.529745042488,608.1503857668154,,2892.658992554263,294.59822075066904,
1,8152,,696.651678425801,1132.4306695784544,,724.5756671915842,884.0304947943964,,741.1944599530666,758.5710863520835,,730.3283619148328,707.7151024354771,,430.42653401143525,848.2717457045392,,928.4135977337096,507.5271563050587,,828.5230152171575,414.2582774078928,
2,8152,,1735.5185339498803,1135.1502163206646,,1679.1365737071646,748.0531576839148,,1663.1208055621319,666.1064971169562,,1665.8524412349461,628.8482469113978,,2298.7551459094457,647.0252867810264,,1295.5524079320085,309.000244123755,,1978.8912871718358,302.7568609772991,
3,8152,,2904.923633100021,1110.674295640777,,2911.091247928128,818.7613729813652,,2914.1123069785626,772.168820063132,,2922.2830361357937,713.1541959198964,,2380.3415481757384,464.8156550529825,,3351.529745042488,608.1503857668154,,2892.658992554263,294.59822075066904,
1,8234,,696.651678425801,1132.4306695784544,,724.5756671915842,884.0304947943964,,741.1944599530666,758.5710863520835,,730.3283619148328,707.7151024354771,,430.42653401143525,848.2717457045392,,928.4135977337096,507.5271563050587,,828.5230152171575,414.2582774078928,
2,8234,,1735.5185339498803,1135.1502163206646,,1679.1365737071646,748.0531576839148,,1663.1208055621319,666.1064971169562,,1665.8524412349461,628.8482469113978,,2298.7551459094457,647.0252867810264,,1276.5155807365409,336.1957115458513,,1959.8544599763682,283.7200337818317,
3,8234,,2904.923633100021,1110.674295640777,,2911.091247928128,818.7613729813652,,2914.1123069785626,772.168820063132,,2922.2830361357937,713.1541959198964,,2380.3415481757384,464.8156550529825,,3351.529745042488,608.1503857668154,,2794.755309834716,381.6237165013772,
1,8315,,696.651678425801,1132.4306695784544,,724.5756671915842,884.0304947943964,,741.1944599530666,758.5710863520835,,730.3283619148328,707.7151024354771,,430.42653401143525,848.2717457045392,,928.4135977337096,507.5271563050587,,817.6448282483193,446.89283831440844,
2,8315,,1735.5185339498803,1135.1502163206646,,1679.1365737071646,748.0531576839148,,1663.1208055621319,666.1064971169562,,1665.8524412349461,628.8482469113978,,2298.7551459094457,655.1839270076553,,1279.2351274787497,371.54981919457657,,1943.5371795231104,300.0373142350895,
3,8315,,2904.923633100021,1110.674295640777,,2911.091247928128,818.7613729813652,,2914.1123069785626,772.168820063132,,2922.2830361357937,713.1541959198964,,2380.3415481757384,464.8156550529825,,3351.529745042488,608.1503857668154,,2792.0357630925064,427.85601111894107,
1,8410,,696.651678425801,1132.4306695784544,,724.5756671915842,884.0304947943964,,741.1944599530666,758.5710863520835,,730.3283619148328,707.7151024354771,,430.42653401143525,848.2717457045392,,928.4135977337096,507.5271563050587,,817.6448282483193,446.89283831440844,
2,8410,,1735.5185339498803,1135.1502163206646,,1679.1365737071646,748.0531576839148,,1663.1208055621319,666.1064971169562,,1665.8524412349461,628.8482469113978,,2298.7551459094457,655.1839270076553,,1279.2351274787497,371.54981919457657,,1943.5371795231104,300.0373142350895,
3,8410,,2904.923633100021,1110.674295640777,,2911.091247928128,818.7613729813652,,2914.1123069785626,772.168820063132,,2922.2830361357937,713.1541959198964,,2377.6220014335286,497.4502159594981,,3351.529745042488,608.1503857668154,,2792.0357630925064,427.85601111894107,
1,8480,,696.651678425801,1132.4306695784544,,724.5756671915842,884.0304947943964,,741.1944599530666,758.5710863520835,,730.3283619148328,707.7151024354771,,430.42653401143525,848.2717457045392,,947.4504249291772,532.0030769849452,,817.6448282483193,446.89283831440844,
2,8480,,1735.5185339498803,1135.1502163206646,,1679.1365737071646,748.0531576839148,,1663.1208055621319,666.1064971169562,,1665.8524412349461,628.8482469113978,,2298.7551459094457,655.1839270076553,,1279.2351274787497,371.54981919457657,,1905.463525132176,281.00048703962216,
3,8480,,2904.923633100021,1110.674295640777,,2911.091247928128,818.7613729813652,,2914.1123069785626,772.168820063132,,2922.2830361357937,713.1541959198964,,2377.6220014335286,497.4502159594981,,3351.529745042488,608.1503857668154,,2792.0357630925064,427.85601111894107,
1,8559,,696.651678425801,1132.4306695784544,,724.5756671915842,884.0304947943964,,741.1944599530666,758.5710863520835,,730.3283619148328,707.7151024354771,,430.42653401143525,848.2717457045392,,936.5722379603385,529.2835302427357,,817.6448282483193,446.89283831440844,
2,8559,,1735.5185339498803,1135.1502163206646,,1679.1365737071646,748.0531576839148,,1663.1208055621319,666.1064971169562,,1665.8524412349461,628.8482469113978,,2298.7551459094457,655.1839270076553,,1265.6373937677013,385.1475529056247,,1946.256726265321,308.19595446171866,
3,8559,,2904.923633100021,1110.674295640777,,2911.091247928128,818.7613729813652,,2914.1123069785626,772.168820063132,,2922.2830361357937,713.1541959198964,,2377.6220014335286,497.4502159594981,,3351.529745042488,608.1503857668154,,2792.0357630925064,427.85601111894107,
1,8636,,696.651678425801,1132.4306695784544,,724.5756671915842,884.0304947943964,,741.1944599530666,758.5710863520835,,730.3283619148328,707.7151024354771,,430.42653401143525,848.2717457045392,,936.5722379603385,529.2835302427357,,809.4861880216904,471.36875899429515,
2,8636,,1735.5185339498803,1135.1502163206646,,1679.1365737071646,748.0531576839148,,1663.1208055621319,666.1064971169562,,1665.8524412349461,628.8482469113978,,2298.7551459094457,655.1839270076553,,1265.6373937677008,401.4648333588825,,1946.256726265321,308.19595446171866,
3,8636,,2904.923633100021,1110.674295640777,,2911.091247928128,818.7613729813652,,2914.1123069785626,772.168820063132,,2922.2830361357937,713.1541959198964,,2361.30472098027,521.9261366393846,,3348.810198300278,635.3458531889116,,2783.877122865879,449.612385056618,
1,8717,,696.651678425801,1132.4306695784544,,724.5756671915842,884.0304947943964,,741.1944599530666,758.5710863520835,,730.3283619148328,707.7151024354771,,427.7069872692257,840.1131054779103,,931.1331444759189,507.5271563050587,,798.6080010528517,465.9296655098758,
2,8717,,1735.5185339498803,1135.1502163206646,,1679.1365737071646,748.0531576839148,,1663.1208055621319,666.1064971169562,,1665.8524412349461,628.8482469113978,,2298.7551459094457,655.1839270076553,,1260.1983002832817,420.5016605543499,,1946.256726265321,308.19595446171866,
3,8717,,2904.923633100021,1110.674295640777,,2911.091247928128,818.7613729813652,,2914.1123069785626,772.168820063132,,2922.2830361357937,713.1541959198964,,2361.30472098027,521.9261366393846,,3348.810198300278,635.3458531889116,,2767.559842412621,471.3687589942949,
1,8796,,696.651678425801,1132.4306695784544,,724.5756671915842,884.0304947943964,,741.1944599530666,758.5710863520835,,730.3283619148328,707.7151024354771,,427.7069872692257,840.1131054779103,,931.1331444759189,507.5271563050587,,798.6080010528517,465.9296655098758,
2,8796,,1735.5185339498803,1135.1502163206646,,1679.1365737071646,748.0531576839148,,1663.1208055621319,666.1064971169562,,1665.8524412349461,628.8482469113978,,2298.7551459094457,655.1839270076553,,1260.1983002832817,420.5016605543499,,1946.256726265321,308.19595446171866,
3,8796,,2904.923633100021,1110.674295640777,,2911.091247928128,818.7613729813652,,2914.1123069785626,772.168820063132,,2922.2830361357937,713.1541959198964,,2361.30472098027,521.9261366393846,,3348.810198300278,635.3458531889116,,2786.5966696080886,514.8815068696488,
1,8877,,696.651678425801,1132.4306695784544,,724.5756671915842,884.0304947943964,,741.1944599530666,758.5710863520835,,730.3283619148328,707.7151024354771,,427.7069872692257,840.1131054779103,,931.1331444759189,507.5271563050587,,798.6080010528517,465.9296655098758,
2,8877,,1735.5185339498803,1135.1502163206646,,1679.1365737071646,748.0531576839148,,1663.1208055621319,666.1064971169562,,1665.8524412349461,628.8482469113978,,2301.4746926516564,676.9403009453324,,1273.7960339943297,458.5753149452846,,1978.8912871718367,348.9891555948632,
3,8877,,2904.923633100021,1110.674295640777,,2911.091247928128,818.7613729813652,,2914.1123069785626,772.168820063132,,2922.2830361357937,713.1541959198964,,2347.706987269221,559.9997910303193,,3348.810198300278,635.3458531889116,,2762.1207489282024,563.8333482294222,
1,8958,,696.651678425801,1132.4306695784544,,724.5756671915842,884.0304947943964,,741.1944599530666,758.5710863520835,,730.3283619148328,707.7151024354771,,427.7069872692257,840.1131054779103,,931.1331444759189,507.5271563050587,,798.6080010528517,465.9296655098758,
2,8958,,1735.5185339498803,1135.1502163206646,,1679.1365737071646,748.0531576839148,,1663.1208055621319,666.1064971169562,,1665.8524412349461,628.8482469113978,,2301.4746926516564,676.9403009453324,,1273.7960339943297,458.5753149452846,,2006.0867545939327,403.38009043905595,
3,8958,,2904.923633100021,1110.674295640777,,2911.091247928128,818.7613729813652,,2914.1123069785626,772.168820063132,,2922.2830361357937,713.1541959198964,,2347.706987269221,559.9997910303193,,3367.8470254957447,689.736788033104,,2778.438029381461,533.9183340651164,
1,9040,,696.651678425801,1132.4306695784544,,724.5756671915842,884.0304947943964,,741.1944599530666,758.5710863520835,,730.3283619148328,707.7151024354771,,427.7069872692257,840.1131054779103,,931.1331444759189,507.5271563050587,,798.6080010528517,465.9296655098758,
2,9040,,1735.5185339498803,1135.1502163206646,,1679.1365737071646,748.0531576839148,,1663.1208055621319,666.1064971169562,,1665.8524412349461,628.8482469113978,,2301.4746926516564,676.9403009453324,,1273.7960339943297,458.5753149452846,,2006.0867545939327,403.38009043905595,
3,9040,,2904.923633100021,1110.674295640777,,2911.091247928128,818.7613729813652,,2914.1123069785626,772.168820063132,,2922.2830361357937,713.1541959198964,,2347.706987269221,559.9997910303193,,3367.8470254957447,689.736788033104,,2794.75530983472,512.1619601274394,
1,9120,,696.651678425801,1132.4306695784544,,724.5756671915842,884.0304947943964,,741.1944599530666,758.5710863520835,,730.3283619148328,707.7151024354771,,427.7069872692257,840.1131054779103,,931.1331444759189,507.5271563050587,,798.6080010528517,465.9296655098758,
2,9120,,1735.5185339498803,1135.1502163206646,,1679.1365737071646,748.0531576839148,,1663.1208055621319,666.1064971169562,,1665.8524412349461,628.8482469113978,,2301.4746926516564,676.9403009453324,,1273.7960339943297,458.5753149452846,,2016.9649415627719,348.9891555948632,
3,9120,,2904.923633100021,1110.674295640777,,2911.091247928128,818.7613729813652,,2914.1123069785626,772.168820063132,,2922.2830361357937,713.1541959198964,,2347.706987269221,559.9997910303193,,3367.8470254957447,667.9804140954268,,2772.9989358970424,506.7228666430203,
1,9200,,696.651678425801,1132.4306695784544,,724.5756671915842,884.0304947943964,,741.1944599530666,758.5710863520835,,730.3283619148328,707.7151024354771,,427.7069872692257,840.1131054779103,,922.9745042492905,493.9294225940107,,798.6080010528517,465.9296655098758,
2,9200,,1735.5185339498803,1135.1502163206646,,1679.1365737071646,748.0531576839148,,1663.1208055621319,666.1064971169562,,1665.8524412349461,628.8482469113978,,2301.4746926516564,676.9403009453324,,1273.7960339943297,458.5753149452846,,2008.8063013361425,316.35459468834756,
3,9200,,2904.923633100021,1110.674295640777,,2911.091247928128,818.7613729813652,,2914.1123069785626,772.168820063132,,2922.2830361357937,713.1541959198964,,2342.2678937848023,570.8779779991578,,3367.8470254957447,667.9804140954268,,2732.2057347638965,509.4424133852299,
1,9283,,696.651678425801,1132.4306695784544,,724.5756671915842,884.0304947943964,,741.1944599530666,758.5710863520835,,730.3283619148328,707.7151024354771,,422.2678937848066,821.0762782824431,,922.9745042492905,493.9294225940107,,798.6080010528517,465.9296655098758,
2,9283,,1735.5185339498803,1135.1502163206646,,1679.1365737071646,748.0531576839148,,1663.1208055621319,666.1064971169562,,1665.8524412349461,628.8482469113978,,2301.4746926516564,676.9403009453324,,1273.7960339943297,458.5753149452846,,1978.8912871718367,324.51323491497647,
3,9283,,2904.923633100021,1110.674295640777,,2911.091247928128,818.7613729813652,,2914.1123069785626,772.168820063132,,2922.2830361357937,713.1541959198964,,2342.2678937848023,570.8779779991578,,3365.127478753535,657.1022271265886,,2767.559842412622,555.6747080027937,
1,9357,,696.651678425801,1132.4306695784544,,724.5756671915842,884.0304947943964,,741.1944599530666,758.5710863520835,,730.3283619148328,707.7151024354771,,422.2678937848066,821.0762782824431,,922.9745042492905,493.9294225940107,,798.6080010528517,465.9296655098758,
2,9357,,1735.5185339498803,1135.1502163206646,,1679.1365737071646,748.0531576839148,,1663.1208055621319,666.1064971169562,,1665.8524412349461,628.8482469113978,,2301.4746926516564,676.9403009453324,,1273.7960339943297,458.5753149452846,,1978.8912871718367,324.51323491497647,
3,9357,,2904.923633100021,1110.674295640777,,2911.091247928128,818.7613729813652,,2914.1123069785626,772.168820063132,,2922.2830361357937,713.1541959198964,,2336.8288003003836,595.3538986790445,,3365.127478753535,629.9067597044923,,2767.559842412622,555.6747080027937,
1,9442,,696.651678425801,1132.4306695784544,,724.5756671915842,884.0304947943964,,741.1944599530666,758.5710863520835,,730.3283619148328,707.7151024354771,,422.2678937848066,821.0762782824431,,922.9745042492905,493.9294225940107,,798.6080010528517,465.9296655098758,
2,9442,,1735.5185339498803,1135.1502163206646,,1679.1365737071646,748.0531576839148,,1663.1208055621319,666.1064971169562,,1665.8524412349461,628.8482469113978,,2301.4746926516564,676.9403009453324,,1260.1983002832822,439.538487749817,,1978.8912871718367,313.6350479461378,
3,9442,,2904.923633100021,1110.674295640777,,2911.091247928128,818.7613729813652,,2914.1123069785626,772.168820063132,,2922.2830361357937,713.1541959198964,,2336.8288003003836,595.3538986790445,,3348.810198300278,610.8699325090251,,2759.4012021859926,504.00331990081054,
1,9523,,696.651678425801,1132.4306695784544,,724.5756671915842,884.0304947943964,,741.1944599530666,758.5710863520835,,730.3283619148328,707.7151024354771,,422.2678937848066,821.0762782824431,,922.9745042492905,493.9294225940107,,798.6080010528517,465.9296655098758,
2,9523,,1735.5185339498803,1135.1502163206646,,1679.1365737071646,748.0531576839148,,1663.1208055621319,666.1064971169562,,1665.8524412349461,628.8482469113978,,2301.4746926516564,676.9403009453324,,1271.0764872521208,409.6234735855112,,1951.6958197497406,291.87867400846085,
3,9523,,2904.923633100021,1110.674295640777,,2911.091247928128,818.7613729813652,,2914.1123069785626,772.168820063132,,2922.2830361357937,713.1541959198964,,2336.8288003003836,595.3538986790445,,3348.810198300278,610.8699325090251,,2740.364374990526,449.612385056618,
1,9603,,696.651678425801,1132.4306695784544,,724.5756671915842,884.0304947943964,,741.1944599530666,758.5710863520835,,730.3283619148328,707.7151024354771,,422.2678937848066,821.0762782824431,,906.6572237960327,483.05123562517224,,798.6080010528517,465.9296655098758,
2,9603,,1735.5185339498803,1135.1502163206646,,1679.1365737071646,748.0531576839148,,1663.1208055621319,666.1064971169562,,1665.8524412349461,628.8482469113978,,2301.4746926516564,676.9403009453324,,1271.0764872521213,385.1475529056245,,1946.256726265322,272.8418468129935,
3,9603,,2904.923633100021,1110.674295640777,,2911.091247928128,818.7613729813652,,2914.1123069785626,772.168820063132,,2922.2830361357937,713.1541959198964,,2336.8288003003836,595.3538986790445,,3337.9320113314407,586.3940118291384,,2729.4861880216868,408.8191839234735,
1,9688,,696.651678425801,1132.4306695784544,,724.5756671915842,884.0304947943964,,741.1944599530666,758.5710863520835,,730.3283619148328,707.7151024354771,,422.2678937848066,821.0762782824431,,906.6572237960327,483.05123562517224,,787.729814084013,446.89283831440844,
2,9688,,1735.5185339498803,1135.1502163206646,,1679.1365737071646,748.0531576839148,,1663.1208055621319,666.1064971169562,,1665.8524412349461,628.8482469113978,,2301.4746926516564,676.9403009453324,,1260.1983002832826,352.51299199910886,,1910.9026186165966,270.1223000707838,
3,9688,,2904.923633100021,1110.674295640777,,2911.091247928128,818.7613729813652,,2914.1123069785626,772.168820063132,,2922.2830361357937,713.1541959198964,,2336.8288003003836,595.3538986790445,,3348.81019830028,567.3571846336708,,2751.242561959364,368.0259827903292,
1,9765,,696.651678425801,1132.4306695784544,,724.5756671915842,884.0304947943964,,741.1944599530666,758.5710863520835,,730.3283619148328,707.7151024354771,,422.2678937848066,821.0762782824431,,906.6572237960327,483.05123562517224,,793.1689075684326,433.2951046033602,
2,9765,,1735.5185339498803,1135.1502163206646,,1679.1365737071646,748.0531576839148,,1663.1208055621319,666.1064971169562,,1665.8524412349461,628.8482469113978,,2301.4746926516564,676.9403009453324,,1279.2351274787507,319.87843109259325,,1908.1830718743877,245.6463793908972,
3,9765,,2904.923633100021,1110.674295640777,,2911.091247928128,818.7613729813652,,2914.1123069785626,772.168820063132,,2922.2830361357937,713.1541959198964,,2339.5483470425934,579.0366182257867,,3348.81019830028,567.3571846336708,,2756.681655443782,335.39142188381356,
