track,frame_idx,instance.score,Base_AT.x,Base_AT.y,Base_AT.score,Leaf_1E.x,Leaf_1E.y,Leaf_1E.score,Leaf_2I.x,Leaf_2I.y,Leaf_2I.score,Leaf_3I.x,Leaf_3I.y,Leaf_3I.score,Leaf_4E.x,Leaf_4E.y,Leaf_4E.score
1,23,,931.0553249172617,1413.749981128225,,782.0060188470152,1366.0722789917854,,895.0675466913362,1256.9059080839606,,1041.29234629862,1293.7261934637736,,1252.96270301992,1304.0249356973718,
2,23,,1514.0415231606748,1457.112590914925,,1234.9043877303275,1462.4336340733416,,1319.0575090501834,1223.179433805416,,1518.2810539523198,1327.4526677423173,,1705.861071903233,1453.3850360737842,
3,23,,2540.289954779246,1428.204184390458,,2294.8792936274403,1419.0710242866407,,2383.8504827013767,1271.3601113461946,,2539.7114178168104,1269.6358546933834,,2698.3830292432594,1410.0224262870852,
4,23,,3113.6400175145027,1413.7499811282241,,2901.955830641242,1419.0710242866407,,2942.7463421744014,1280.99624685435,,3132.333751568378,1284.0900579556173,,3334.367972781527,1381.1140197626182,
1,104,,931.0553249172617,1413.749981128225,,767.5518155847813,1361.2542112377078,,895.0675466913362,1256.9059080839606,,1041.29234629862,1293.7261934637736,,1093.966467135352,1414.840494041161,
2,104,,1514.0415231606748,1457.112590914925,,1297.539268533339,1414.252956532563,,1319.0575090501834,1223.179433805416,,1479.7365119196984,1312.9984644800843,,1614.3177845757555,1405.2043585330066,
3,104,,2540.289954779246,1428.204184390458,,2241.880548332585,1366.0722789917845,,2383.8504827013767,1271.3601113461946,,2539.7114178168104,1269.6358546933834,,2741.7456390299594,1347.3875454840745,
4,104,,3113.6400175145027,1413.7499811282241,,2853.7751531004633,1317.8916014510078,,2937.928274420323,1280.99624685435,,3166.0602258469244,1312.9984644800843,,3334.367972781527,1381.1140197626182,
1,184,,931.0553249172617,1413.749981128225,,767.5518155847813,1361.2542112377078,,895.0675466913362,1256.9059080839606,,1041.29234629862,1293.7261934637736,,1127.6929414138967,1381.1140197626164,
2,184,,1514.0415231606748,1457.112590914925,,1186.7237101895498,1356.43614348363,,1319.0575090501834,1223.179433805416,,1503.8268506900877,1288.908125709695,,1614.3177845757546,1390.7501552707736,
3,184,,2540.289954779246,1428.204184390458,,2217.7902095621957,1346.800007975473,,2383.8504827013767,1271.3601113461946,,2539.7114178168104,1269.6358546933834,,2727.2914357677255,1323.2972067136852,
4,184,,3113.6400175145027,1413.7499811282241,,2844.139017592306,1293.8012626806185,,2937.928274420323,1280.99624685435,,3166.0602258469244,1312.9984644800843,,3334.367972781529,1352.2056132381513,
1,265,,931.0553249172617,1413.749981128225,,767.5518155847813,1361.2542112377078,,895.0675466913362,1256.9059080839606,,1041.29234629862,1293.7261934637736,,1127.6929414138967,1381.1140197626164,
2,265,,1514.0415231606748,1457.112590914925,,1186.7237101895498,1356.43614348363,,1319.0575090501834,1223.179433805416,,1499.008782936009,1288.908125709695,,1614.3177845757546,1390.7501552707736,
3,265,,2540.289954779246,1428.204184390458,,2217.7902095621957,1346.800007975473,,2383.8504827013767,1271.3601113461946,,2539.7114178168104,1269.6358546933834,,2727.2914357677255,1323.2972067136852,
4,265,,3113.6400175145027,1413.7499811282241,,2844.139017592306,1293.8012626806185,,2937.928274420323,1280.99624685435,,3166.0602258469244,1312.9984644800843,,3334.367972781529,1352.2056132381513,
1,346,,931.0553249172617,1413.749981128225,,767.5518155847813,1361.2542112377078,,895.0675466913362,1256.9059080839606,,1041.29234629862,1293.7261934637736,,1127.6929414138967,1381.1140197626164,
2,346,,1514.0415231606748,1457.112590914925,,1186.7237101895498,1356.43614348363,,1319.0575090501834,1223.179433805416,,1503.8268506900877,1288.908125709695,,1614.3177845757546,1390.7501552707736,
3,346,,2540.289954779246,1428.204184390458,,2217.7902095621957,1346.800007975473,,2383.8504827013767,1271.3601113461946,,2539.7114178168104,1269.6358546933834,,2727.2914357677255,1323.2972067136852,
4,346,,3113.6400175145027,1413.7499811282241,,2844.139017592306,1293.8012626806185,,2937.928274420323,1280.99624685435,,3166.0602258469244,1312.9984644800843,,3334.367972781529,1352.2056132381513,
1,426,,931.0553249172617,1413.749981128225,,767.5518155847813,1361.2542112377078,,895.0675466913362,1256.9059080839606,,1041.29234629862,1293.7261934637736,,1127.6929414138967,1381.1140197626164,
2,426,,1514.0415231606748,1457.112590914925,,1186.7237101895498,1356.43614348363,,1319.0575090501834,1223.179433805416,,1503.8268506900877,1288.908125709695,,1614.3177845757546,1390.7501552707736,
3,426,,2540.289954779246,1428.204184390458,,2217.7902095621957,1346.800007975473,,2383.8504827013767,1271.3601113461946,,2539.7114178168104,1269.6358546933834,,2727.2914357677255,1323.2972067136852,
4,426,,3108.821949760426,1408.9319133741465,,2844.139017592306,1293.8012626806185,,2937.928274420323,1280.99624685435,,3166.0602258469244,1312.9984644800843,,3334.367972781529,1352.2056132381513,
1,507,,931.0553249172617,1413.749981128225,,767.5518155847813,1361.2542112377078,,895.0675466913362,1256.9059080839606,,1041.29234629862,1293.7261934637736,,1127.6929414138967,1381.1140197626164,
2,507,,1514.0415231606748,1457.112590914925,,1186.7237101895498,1356.43614348363,,1319.0575090501834,1223.179433805416,,1503.8268506900877,1288.908125709695,,1614.3177845757546,1390.7501552707736,
3,507,,2540.289954779246,1428.204184390458,,2217.7902095621957,1346.800007975473,,2383.8504827013767,1271.3601113461946,,2539.7114178168104,1269.6358546933834,,2727.2914357677255,1323.2972067136852,
4,507,,3113.6400175145027,1413.7499811282241,,2844.139017592306,1293.8012626806185,,2937.928274420323,1280.99624685435,,3166.0602258469244,1312.9984644800843,,3334.367972781529,1352.2056132381513,
1,588,,931.0553249172617,1413.749981128225,,767.5518155847813,1361.2542112377078,,895.0675466913362,1256.9059080839606,,1041.29234629862,1293.7261934637736,,1127.6929414138967,1381.1140197626164,
2,588,,1514.0415231606748,1457.112590914925,,1186.7237101895498,1356.43614348363,,1319.0575090501834,1223.179433805416,,1503.8268506900877,1288.908125709695,,1614.3177845757546,1390.7501552707736,
3,588,,2540.289954779246,1428.204184390458,,2217.7902095621957,1346.800007975473,,2383.8504827013767,1271.3601113461946,,2539.7114178168104,1269.6358546933834,,2727.2914357677255,1323.2972067136852,
4,588,,3113.6400175145027,1413.7499811282241,,2844.139017592306,1293.8012626806185,,2937.928274420323,1280.99624685435,,3166.0602258469244,1312.9984644800843,,3334.367972781529,1352.2056132381513,
1,667,,931.0553249172617,1413.749981128225,,767.5518155847813,1361.2542112377078,,895.0675466913362,1256.9059080839606,,1041.29234629862,1293.7261934637736,,1127.6929414138967,1381.1140197626164,
2,667,,1514.0415231606748,1457.112590914925,,1181.9056424354721,1356.43614348363,,1319.0575090501834,1223.179433805416,,1503.8268506900877,1288.908125709695,,1614.3177845757546,1390.7501552707736,
3,667,,2540.289954779246,1428.204184390458,,2217.7902095621957,1346.800007975473,,2383.8504827013767,1271.3601113461946,,2539.7114178168104,1269.6358546933834,,2727.2914357677255,1323.2972067136852,
4,667,,3113.6400175145027,1413.7499811282241,,2844.139017592306,1293.8012626806185,,2937.928274420323,1280.99624685435,,3166.0602258469244,1312.9984644800843,,3334.367972781529,1352.2056132381513,
1,748,,931.0553249172617,1413.749981128225,,767.5518155847813,1361.2542112377078,,895.0675466913362,1256.9059080839606,,1041.29234629862,1293.7261934637736,,1127.6929414138967,1381.1140197626164,
2,748,,1514.0415231606748,1457.112590914925,,1186.7237101895498,1356.43614348363,,1319.0575090501834,1223.179433805416,,1503.8268506900877,1288.908125709695,,1614.3177845757546,1390.7501552707736,
3,748,,2540.289954779246,1428.204184390458,,2217.7902095621957,1346.800007975473,,2383.8504827013767,1271.3601113461946,,2539.7114178168104,1269.6358546933834,,2727.2914357677255,1323.2972067136852,
4,748,,3113.6400175145027,1413.7499811282241,,2844.139017592306,1293.8012626806185,,2937.928274420323,1280.99624685435,,3166.0602258469244,1312.9984644800843,,3334.367972781529,1352.2056132381513,
1,828,,931.0553249172617,1413.749981128225,,767.5518155847813,1361.2542112377078,,895.0675466913362,1256.9059080839606,,1041.29234629862,1293.7261934637736,,1127.6929414138967,1381.1140197626164,
2,828,,1514.0415231606748,1457.112590914925,,1186.7237101895498,1356.43614348363,,1319.0575090501834,1223.179433805416,,1503.8268506900877,1288.908125709695,,1614.3177845757546,1390.7501552707736,
3,828,,2540.289954779246,1428.204184390458,,2217.7902095621957,1346.800007975473,,2383.8504827013767,1271.3601113461946,,2539.7114178168104,1269.6358546933834,,2727.2914357677255,1323.2972067136852,
4,828,,3113.6400175145027,1413.7499811282241,,2844.139017592306,1293.8012626806185,,2937.928274420323,1280.99624685435,,3166.0602258469244,1312.9984644800843,,3334.367972781529,1352.2056132381513,
1,909,,931.0553249172617,1413.749981128225,,767.5518155847813,1361.2542112377078,,895.0675466913362,1256.9059080839606,,1041.29234629862,1293.7261934637736,,1127.6929414138967,1381.1140197626164,
2,909,,1514.0415231606748,1457.112590914925,,1186.7237101895498,1356.43614348363,,1319.0575090501834,1223.179433805416,,1503.8268506900877,1288.908125709695,,1614.3177845757546,1390.7501552707736,
3,909,,2540.289954779246,1428.204184390458,,2217.7902095621957,1346.800007975473,,2383.8504827013767,1271.3601113461946,,2539.7114178168104,1269.6358546933834,,2727.2914357677255,1323.2972067136852,
4,909,,3113.6400175145027,1413.7499811282241,,2844.139017592306,1293.8012626806185,,2937.928274420323,1280.99624685435,,3166.0602258469244,1312.9984644800843,,3334.367972781529,1352.2056132381513,
1,990,,931.0553249172617,1413.749981128225,,767.5518155847813,1361.2542112377078,,895.0675466913362,1256.9059080839606,,1041.29234629862,1293.7261934637736,,1127.6929414138967,1381.1140197626164,
2,990,,1514.041523160674,1457.112590914924,,1186.7237101895498,1356.43614348363,,1319.0575090501834,1223.179433805416,,1503.8268506900877,1288.908125709695,,1614.3177845757546,1390.7501552707736,
3,990,,2564.6909653970815,1435.989855497146,,2227.0427400069984,1360.5331106699732,,2410.098976478681,1294.126306687116,,2583.799798196849,1278.4091121673964,,2731.257289600275,1382.1993286889383,
4,990,,3113.6400175145027,1413.7499811282241,,2844.139017592306,1293.8012626806185,,2937.928274420323,1280.99624685435,,3166.0602258469244,1293.7261934637736,,3334.367972781529,1352.2056132381513,
1,1071,,931.0553249172617,1413.749981128225,,767.5518155847813,1361.2542112377078,,895.0675466913362,1256.9059080839606,,1041.29234629862,1293.7261934637736,,1127.6929414138967,1381.1140197626164,
2,1071,,1514.0415231606748,1457.112590914925,,1186.7237101895498,1356.43614348363,,1319.0575090501834,1223.179433805416,,1503.8268506900877,1288.908125709695,,1614.3177845757546,1390.7501552707736,
3,1071,,2564.6909653970815,1440.8079232512227,,2227.0427400069984,1360.5331106699732,,2410.098976478681,1294.126306687116,,2583.799798196849,1278.4091121673964,,2731.257289600275,1382.1993286889383,
4,1071,,3113.6400175145027,1413.7499811282241,,2844.139017592306,1293.8012626806185,,2937.928274420323,1280.99624685435,,3166.0602258469244,1293.7261934637736,,3334.367972781529,1352.2056132381513,
1,1151,,931.0553249172617,1413.749981128225,,767.5518155847813,1361.2542112377078,,895.0675466913362,1256.9059080839606,,1041.29234629862,1293.7261934637736,,1127.6929414138967,1381.1140197626164,
2,1151,,1514.0415231606748,1457.112590914925,,1186.7237101895498,1356.43614348363,,1319.0575090501834,1223.179433805416,,1503.8268506900877,1288.908125709695,,1614.3177845757546,1390.7501552707736,
3,1151,,2564.6909653970815,1440.8079232512227,,2227.0427400069984,1360.5331106699732,,2410.098976478681,1294.126306687116,,2583.799798196849,1278.4091121673964,,2731.257289600275,1382.1993286889383,
4,1151,,3113.6400175145027,1413.7499811282241,,2844.139017592306,1293.8012626806185,,2937.928274420323,1280.99624685435,,3166.0602258469244,1293.7261934637736,,3334.367972781529,1352.2056132381513,
1,1231,,931.0553249172617,1413.749981128225,,767.5518155847813,1361.2542112377078,,895.0675466913362,1256.9059080839606,,1041.29234629862,1293.7261934637736,,1127.6929414138967,1381.1140197626164,
2,1231,,1514.0415231606748,1457.112590914925,,1167.4514391732391,1361.2542112377087,,1290.1491025257174,1223.179433805416,,1503.8268506900877,1288.908125709695,,1619.1358523298322,1371.4778842544629,
3,1231,,2564.6909653970815,1440.8079232512227,,2227.0427400069984,1360.5331106699732,,2410.098976478681,1294.126306687116,,2583.799798196849,1278.4091121673964,,2731.257289600275,1382.1993286889383,
4,1231,,3113.6400175145027,1413.7499811282241,,2844.139017592306,1293.8012626806185,,2937.928274420323,1280.99624685435,,3166.0602258469244,1293.7261934637736,,3334.367972781529,1352.2056132381513,
1,1312,,931.0553249172617,1413.749981128225,,767.5518155847813,1361.2542112377078,,895.0675466913362,1256.9059080839606,,1041.29234629862,1293.7261934637736,,1127.6929414138967,1381.1140197626164,
2,1312,,1514.0415231606748,1457.112590914925,,1162.6333714191614,1361.2542112377087,,1290.1491025257174,1223.179433805416,,1503.8268506900877,1288.908125709695,,1609.499716821676,1371.4778842544629,
3,1312,,2564.6909653970815,1440.8079232512227,,2227.0427400069984,1360.5331106699732,,2405.2809087246023,1274.8540356708045,,2583.799798196849,1278.4091121673964,,2745.7114928625087,1334.0186511481606,
4,1312,,3113.6400175145027,1413.7499811282241,,2844.139017592306,1293.8012626806185,,2937.928274420323,1280.99624685435,,3166.0602258469244,1293.7261934637736,,3334.367972781529,1352.2056132381513,
1,1392,,931.0553249172617,1413.749981128225,,767.5518155847813,1361.2542112377078,,895.0675466913362,1256.9059080839606,,1041.29234629862,1293.7261934637736,,1127.6929414138967,1381.1140197626164,
2,1392,,1514.0415231606748,1457.112590914925,,1167.4514391732391,1361.2542112377087,,1290.1491025257174,1223.179433805416,,1503.8268506900877,1288.908125709695,,1609.499716821676,1371.4778842544629,
3,1392,,2564.6909653970815,1440.8079232512227,,2227.0427400069984,1360.5331106699732,,2405.2809087246023,1274.8540356708045,,2583.799798196849,1278.4091121673964,,2745.7114928625087,1334.0186511481606,
4,1392,,3113.6400175145027,1413.7499811282241,,2844.139017592306,1293.8012626806185,,2937.928274420323,1280.99624685435,,3166.0602258469244,1293.7261934637736,,3334.367972781529,1352.2056132381513,
1,1473,,931.0553249172617,1413.749981128225,,767.5518155847813,1361.2542112377078,,895.0675466913362,1256.9059080839606,,1041.29234629862,1293.7261934637736,,1127.6929414138967,1381.1140197626164,
2,1473,,1514.0415231606748,1457.112590914925,,1167.4514391732391,1361.2542112377087,,1290.1491025257174,1223.179433805416,,1503.8268506900877,1288.908125709695,,1609.499716821676,1371.4778842544629,
3,1473,,2564.6909653970815,1440.8079232512227,,2227.0427400069984,1360.5331106699732,,2405.2809087246023,1274.8540356708045,,2583.799798196849,1278.4091121673964,,2711.985018583964,1319.5644478859267,
4,1473,,3113.6400175145027,1413.7499811282241,,2844.139017592306,1293.8012626806185,,2937.928274420323,1280.99624685435,,3166.0602258469244,1293.7261934637736,,3334.367972781529,1352.2056132381513,
1,1554,,931.0553249172617,1413.749981128225,,767.5518155847813,1361.2542112377078,,895.0675466913362,1256.9059080839606,,1041.29234629862,1293.7261934637736,,1127.6929414138967,1381.1140197626164,
2,1554,,1514.0415231606748,1457.112590914925,,1167.4514391732391,1361.2542112377087,,1290.1491025257174,1223.179433805416,,1503.8268506900877,1288.908125709695,,1609.499716821676,1371.4778842544629,
3,1554,,2564.6909653970815,1440.8079232512227,,2227.0427400069984,1360.5331106699732,,2405.2809087246023,1274.8540356708045,,2583.799798196849,1278.4091121673964,,2711.985018583964,1319.5644478859267,
4,1554,,3113.6400175145027,1413.7499811282241,,2844.139017592306,1293.8012626806185,,2937.928274420323,1280.99624685435,,3166.0602258469244,1293.7261934637736,,3334.367972781529,1352.2056132381513,
1,1635,,931.0553249172617,1413.749981128225,,767.5518155847813,1361.2542112377078,,895.0675466913362,1256.9059080839606,,1041.29234629862,1293.7261934637736,,1127.6929414138967,1381.1140197626164,
2,1635,,1514.0415231606748,1457.112590914925,,1167.4514391732391,1361.2542112377087,,1290.1491025257174,1223.179433805416,,1503.8268506900877,1288.908125709695,,1609.499716821676,1371.4778842544629,
3,1635,,2564.6909653970815,1440.8079232512227,,2227.0427400069984,1360.5331106699732,,2405.2809087246023,1274.8540356708045,,2583.799798196849,1278.4091121673964,,2711.985018583964,1319.5644478859267,
4,1635,,3113.6400175145027,1413.7499811282241,,2844.139017592306,1293.8012626806185,,2937.928274420323,1280.99624685435,,3166.0602258469244,1293.7261934637736,,3334.367972781529,1352.2056132381513,
1,1716,,931.0553249172617,1413.749981128225,,767.5518155847813,1361.2542112377078,,895.0675466913362,1256.9059080839606,,1041.29234629862,1293.7261934637736,,1127.6929414138967,1381.1140197626164,
2,1716,,1514.0415231606748,1457.112590914925,,1167.4514391732391,1356.436143483631,,1290.1491025257174,1223.179433805416,,1503.8268506900877,1288.908125709695,,1609.499716821676,1371.4778842544629,
3,1716,,2564.6909653970815,1440.8079232512227,,2227.0427400069984,1360.5331106699732,,2405.2809087246023,1274.8540356708045,,2583.799798196849,1278.4091121673964,,2726.439221846198,1324.3825156400044,
4,1716,,3113.6400175145027,1413.7499811282241,,2844.139017592306,1293.8012626806185,,2937.928274420323,1280.99624685435,,3166.0602258469244,1293.7261934637736,,3334.367972781529,1352.2056132381513,
1,1774,,931.0553249172617,1413.749981128225,,767.5518155847813,1361.2542112377078,,895.0675466913362,1256.9059080839606,,1041.29234629862,1293.7261934637736,,1127.6929414138967,1381.1140197626164,
2,1774,,1514.0415231606748,1457.112590914925,,1167.4514391732391,1361.2542112377087,,1290.1491025257174,1223.179433805416,,1503.8268506900877,1288.908125709695,,1580.591310297209,1366.6598165003843,
3,1774,,2564.6909653970815,1440.8079232512227,,2227.0427400069984,1360.5331106699732,,2405.2809087246023,1274.8540356708045,,2583.799798196849,1278.4091121673964,,2731.2572896002766,1285.837973607382,
4,1774,,3113.6400175145027,1413.7499811282241,,2844.139017592306,1293.8012626806185,,2933.1102066662443,1305.0865856247392,,3166.0602258469244,1293.7261934637736,,3334.367972781529,1352.2056132381513,
1,1877,,931.0553249172617,1413.749981128225,,767.5518155847813,1361.2542112377078,,895.0675466913362,1256.9059080839606,,1041.29234629862,1293.7261934637736,,1127.6929414138967,1381.1140197626164,
2,1877,,1514.0415231606748,1457.112590914925,,1167.4514391732391,1361.2542112377087,,1290.1491025257174,1223.179433805416,,1503.8268506900877,1288.908125709695,,1580.591310297209,1366.6598165003843,
3,1877,,2564.6909653970815,1440.8079232512227,,2198.1343334825324,1355.7150429158955,,2395.644773216447,1294.1263066871152,,2583.799798196849,1278.4091121673964,,2731.2572896002766,1285.837973607382,
4,1877,,3113.6400175145027,1413.7499811282241,,2824.8667465759954,1303.4373981887738,,2913.83793564993,1309.9046533788169,,3166.0602258469244,1293.7261934637736,,3334.367972781529,1352.2056132381513,
1,1957,,931.0553249172617,1413.749981128225,,767.5518155847813,1361.2542112377078,,895.0675466913362,1256.9059080839606,,1041.29234629862,1293.7261934637736,,1127.6929414138967,1381.1140197626164,
2,1957,,1514.0415231606748,1457.112590914925,,1167.4514391732391,1361.2542112377087,,1290.1491025257174,1223.179433805416,,1503.8268506900877,1288.908125709695,,1580.591310297209,1366.6598165003843,
3,1957,,2564.6909653970815,1440.8079232512227,,2198.1343334825324,1355.7150429158955,,2395.644773216447,1294.1263066871152,,2583.799798196849,1278.4091121673964,,2731.2572896002766,1285.837973607382,
4,1957,,3113.6400175145027,1413.7499811282241,,2824.8667465759954,1303.4373981887738,,2913.83793564993,1309.9046533788169,,3166.0602258469244,1293.7261934637736,,3334.367972781529,1352.2056132381513,
1,2037,,931.0553249172617,1413.749981128225,,767.5518155847813,1361.2542112377078,,895.0675466913362,1256.9059080839606,,1041.29234629862,1293.7261934637736,,1127.6929414138967,1381.1140197626164,
2,2037,,1514.0415231606748,1457.112590914925,,1167.4514391732391,1361.2542112377087,,1290.1491025257174,1223.179433805416,,1503.8268506900877,1288.908125709695,,1580.591310297209,1366.6598165003843,
3,2037,,2564.6909653970815,1440.8079232512227,,2198.1343334825324,1355.7150429158955,,2395.644773216447,1294.1263066871152,,2583.799798196849,1278.4091121673964,,2731.2572896002766,1285.837973607382,
4,2037,,3113.6400175145027,1413.7499811282241,,2824.8667465759954,1303.4373981887738,,2913.83793564993,1309.9046533788169,,3166.0602258469244,1293.7261934637736,,3334.367972781529,1352.2056132381513,
1,2118,,931.0553249172617,1413.749981128225,,767.5518155847813,1361.2542112377078,,895.0675466913362,1256.9059080839606,,1041.29234629862,1293.7261934637736,,1127.6929414138967,1376.2959520085387,
2,2118,,1514.0415231606748,1457.112590914925,,1167.4514391732391,1361.2542112377087,,1290.1491025257174,1223.179433805416,,1503.8268506900877,1288.908125709695,,1580.591310297209,1366.6598165003843,
3,2118,,2564.6909653970815,1440.8079232512227,,2198.1343334825324,1355.7150429158955,,2395.644773216447,1294.1263066871152,,2583.799798196849,1278.4091121673964,,2731.2572896002766,1285.837973607382,
4,2118,,3113.6400175145027,1413.7499811282241,,2824.8667465759954,1303.4373981887738,,2913.83793564993,1309.9046533788169,,3166.0602258469244,1293.7261934637736,,3334.367972781529,1352.2056132381513,
1,2199,,931.0553249172617,1413.749981128225,,767.5518155847813,1361.2542112377078,,895.0675466913362,1256.9059080839606,,1041.29234629862,1293.7261934637736,,1127.6929414138967,1381.1140197626164,
2,2199,,1514.0415231606748,1457.112590914925,,1167.4514391732391,1361.2542112377087,,1290.1491025257174,1223.179433805416,,1503.8268506900877,1288.908125709695,,1580.591310297209,1366.6598165003843,
3,2199,,2564.6909653970815,1440.8079232512227,,2198.1343334825324,1355.7150429158955,,2395.644773216447,1294.1263066871152,,2583.799798196849,1278.4091121673964,,2731.2572896002766,1285.837973607382,
4,2199,,3113.6400175145027,1413.7499811282241,,2824.8667465759954,1303.4373981887738,,2913.83793564993,1309.9046533788169,,3166.0602258469244,1293.7261934637736,,3334.367972781529,1352.2056132381513,
1,2279,,931.0553249172617,1413.749981128225,,767.5518155847813,1361.2542112377078,,895.0675466913362,1256.9059080839606,,1060.5646173149307,1317.816532234162,,1127.6929414138967,1381.1140197626164,
2,2279,,1514.0415231606748,1457.112590914925,,1191.5417779436275,1385.344550008098,,1270.8768315094057,1223.179433805416,,1503.8268506900877,1288.908125709695,,1580.591310297209,1366.6598165003843,
3,2279,,2564.6909653970815,1440.8079232512227,,2198.1343334825324,1355.7150429158955,,2395.644773216447,1294.1263066871152,,2583.799798196849,1278.4091121673964,,2731.2572896002766,1285.837973607382,
4,2279,,3113.6400175145027,1413.7499811282241,,2824.8667465759954,1303.4373981887738,,2913.83793564993,1309.9046533788169,,3166.0602258469244,1293.7261934637736,,3334.367972781529,1352.2056132381513,
1,2360,,931.0553249172617,1413.749981128225,,767.5518155847813,1361.2542112377078,,895.0675466913362,1256.9059080839606,,1060.5646173149307,1317.816532234162,,1127.6929414138967,1381.1140197626164,
2,2360,,1514.0415231606748,1457.112590914925,,1191.5417779436275,1385.344550008098,,1270.8768315094057,1223.179433805416,,1503.8268506900877,1288.908125709695,,1580.591310297209,1366.6598165003843,
3,2360,,2564.6909653970815,1440.8079232512227,,2198.1343334825324,1355.7150429158955,,2395.644773216447,1294.1263066871152,,2583.799798196849,1278.4091121673964,,2731.2572896002766,1285.837973607382,
4,2360,,3113.6400175145027,1413.7499811282241,,2824.8667465759954,1303.4373981887738,,2913.83793564993,1309.9046533788169,,3166.0602258469244,1293.7261934637736,,3334.367972781529,1352.2056132381513,
1,2441,,931.0553249172617,1413.749981128225,,767.5518155847813,1361.2542112377078,,895.0675466913362,1256.9059080839606,,1060.5646173149307,1317.816532234162,,1127.6929414138967,1381.1140197626164,
2,2441,,1514.0415231606748,1457.112590914925,,1191.5417779436275,1385.344550008098,,1270.8768315094057,1223.179433805416,,1503.8268506900877,1288.908125709695,,1580.591310297209,1366.6598165003843,
3,2441,,2564.6909653970815,1440.8079232512227,,2198.1343334825324,1355.7150429158955,,2395.644773216447,1294.1263066871152,,2583.799798196849,1278.4091121673964,,2731.2572896002766,1285.837973607382,
4,2441,,3113.6400175145027,1413.7499811282241,,2824.8667465759954,1303.4373981887738,,2913.83793564993,1309.9046533788169,,3166.0602258469244,1293.7261934637736,,3334.367972781529,1352.2056132381513,
1,2521,,931.0553249172617,1413.749981128225,,767.5518155847813,1361.2542112377078,,895.0675466913362,1256.9059080839606,,1060.5646173149307,1317.816532234162,,1127.6929414138967,1381.1140197626164,
2,2521,,1514.0415231606748,1457.112590914925,,1191.5417779436275,1385.344550008098,,1270.8768315094057,1223.179433805416,,1503.8268506900877,1288.908125709695,,1580.591310297209,1366.6598165003843,
3,2521,,2564.6909653970815,1440.8079232512227,,2198.1343334825324,1355.7150429158955,,2395.644773216447,1294.1263066871152,,2583.799798196849,1278.4091121673964,,2731.2572896002766,1285.837973607382,
4,2521,,3113.6400175145027,1413.7499811282241,,2824.8667465759954,1303.4373981887738,,2913.83793564993,1309.9046533788169,,3166.0602258469244,1293.7261934637736,,3334.367972781529,1352.2056132381513,
1,2601,,931.0553249172617,1413.749981128225,,767.5518155847813,1361.2542112377078,,895.0675466913362,1256.9059080839606,,1060.5646173149307,1317.816532234162,,1127.6929414138967,1381.1140197626164,
2,2601,,1514.0415231606748,1457.112590914925,,1191.5417779436275,1385.344550008098,,1270.8768315094057,1223.179433805416,,1503.8268506900877,1288.908125709695,,1580.591310297209,1366.6598165003843,
3,2601,,2564.6909653970815,1440.8079232512227,,2198.1343334825324,1355.7150429158955,,2395.644773216447,1294.1263066871152,,2583.799798196849,1278.4091121673964,,2731.2572896002766,1285.837973607382,
4,2601,,3113.6400175145027,1413.7499811282241,,2824.8667465759954,1303.4373981887738,,2913.83793564993,1309.9046533788169,,3166.0602258469244,1293.7261934637736,,3334.367972781529,1352.2056132381513,
1,2682,,931.0553249172617,1413.749981128225,,767.5518155847813,1361.2542112377078,,895.0675466913362,1256.9059080839606,,1060.5646173149307,1317.816532234162,,1127.6929414138967,1381.1140197626164,
2,2682,,1514.0415231606748,1457.112590914925,,1191.5417779436275,1385.344550008098,,1270.8768315094057,1223.179433805416,,1503.8268506900877,1288.908125709695,,1580.591310297209,1366.6598165003843,
3,2682,,2564.6909653970815,1440.8079232512227,,2198.1343334825324,1355.7150429158955,,2395.644773216447,1294.1263066871152,,2583.799798196849,1278.4091121673964,,2731.2572896002766,1285.837973607382,
4,2682,,3113.6400175145027,1413.7499811282241,,2824.8667465759954,1303.4373981887738,,2913.83793564993,1309.9046533788169,,3166.0602258469244,1293.7261934637736,,3329.549905027452,1352.2056132381513,
1,2762,,931.0553249172617,1413.749981128225,,767.5518155847813,1361.2542112377078,,895.0675466913362,1256.9059080839606,,1060.5646173149307,1317.816532234162,,1127.6929414138967,1381.1140197626164,
2,2762,,1514.0415231606748,1457.112590914925,,1191.5417779436275,1385.344550008098,,1270.8768315094057,1223.179433805416,,1503.8268506900877,1288.908125709695,,1580.591310297209,1366.6598165003843,
3,2762,,2564.6909653970815,1440.8079232512227,,2198.1343334825324,1355.7150429158955,,2395.644773216447,1294.1263066871152,,2583.799798196849,1278.4091121673964,,2731.2572896002766,1285.837973607382,
4,2762,,3113.6400175145027,1413.7499811282241,,2824.8667465759954,1303.4373981887738,,2913.83793564993,1309.9046533788169,,3166.0602258469244,1293.7261934637736,,3334.367972781529,1352.2056132381513,
1,2843,,931.0553249172617,1413.749981128225,,767.5518155847813,1361.2542112377078,,895.0675466913362,1256.9059080839606,,1060.5646173149307,1317.816532234162,,1127.6929414138967,1381.1140197626164,
2,2843,,1514.0415231606748,1457.112590914925,,1191.5417779436275,1385.344550008098,,1270.8768315094057,1223.179433805416,,1503.8268506900877,1288.908125709695,,1580.591310297209,1366.6598165003843,
3,2843,,2564.6909653970815,1440.8079232512227,,2198.1343334825324,1355.7150429158955,,2395.644773216447,1294.1263066871152,,2583.799798196849,1278.4091121673964,,2731.2572896002766,1285.837973607382,
4,2843,,3113.6400175145027,1413.7499811282241,,2824.8667465759954,1303.4373981887738,,2913.83793564993,1309.9046533788169,,3166.0602258469244,1293.7261934637736,,3334.367972781529,1352.2056132381513,
1,2924,,931.0553249172617,1413.749981128225,,767.5518155847813,1361.2542112377078,,895.0675466913362,1256.9059080839606,,1060.5646173149307,1317.816532234162,,1127.6929414138967,1381.1140197626164,
2,2924,,1514.0415231606748,1457.112590914925,,1167.4514391732382,1370.890346745865,,1246.7864927390174,1232.8155693135723,,1503.8268506900877,1288.908125709695,,1580.591310297209,1366.6598165003843,
3,2924,,2564.6909653970815,1440.8079232512227,,2198.1343334825324,1355.7150429158955,,2424.553179740913,1294.1263066871152,,2583.799798196849,1278.4091121673964,,2731.2572896002766,1285.837973607382,
4,2924,,3113.6400175145027,1413.7499811282241,,2824.8667465759954,1303.4373981887738,,2913.83793564993,1309.9046533788169,,3166.0602258469244,1293.7261934637736,,3334.367972781529,1352.2056132381513,
1,3005,,931.0553249172617,1413.749981128225,,767.5518155847813,1361.2542112377078,,895.0675466913362,1256.9059080839606,,1060.5646173149307,1317.816532234162,,1127.6929414138967,1381.1140197626164,
2,3005,,1514.0415231606748,1457.112590914925,,1167.4514391732382,1370.890346745865,,1246.7864927390174,1232.8155693135723,,1503.8268506900877,1288.908125709695,,1580.591310297209,1366.6598165003843,
3,3005,,2564.6909653970815,1440.8079232512227,,2198.1343334825324,1355.7150429158955,,2424.553179740913,1294.1263066871152,,2583.799798196849,1278.4091121673964,,2731.2572896002766,1285.837973607382,
4,3005,,3113.6400175145027,1413.7499811282241,,2824.8667465759954,1303.4373981887738,,2913.83793564993,1309.9046533788169,,3166.0602258469244,1293.7261934637736,,3334.367972781529,1352.2056132381513,
1,3086,,931.0553249172617,1413.749981128225,,767.5518155847813,1361.2542112377078,,895.0675466913362,1256.9059080839606,,1060.5646173149307,1317.816532234162,,1127.6929414138967,1381.1140197626164,
2,3086,,1514.0415231606748,1457.112590914925,,1167.4514391732382,1370.890346745865,,1246.7864927390174,1232.8155693135723,,1503.8268506900877,1288.908125709695,,1580.591310297209,1366.6598165003843,
3,3086,,2564.6909653970815,1440.8079232512227,,2198.1343334825324,1355.7150429158955,,2424.553179740913,1294.1263066871152,,2583.799798196849,1278.4091121673964,,2731.2572896002766,1285.837973607382,
4,3086,,3113.6400175145027,1413.7499811282241,,2824.8667465759954,1303.4373981887738,,2913.83793564993,1309.9046533788169,,3166.0602258469244,1293.7261934637736,,3334.367972781529,1352.2056132381513,
1,3166,,931.0553249172617,1413.749981128225,,767.5518155847813,1361.2542112377078,,895.0675466913362,1256.9059080839606,,1060.5646173149307,1317.816532234162,,1127.6929414138967,1381.1140197626164,
2,3166,,1514.0415231606748,1457.112590914925,,1167.4514391732382,1370.890346745865,,1246.7864927390174,1232.8155693135723,,1503.8268506900877,1288.908125709695,,1580.591310297209,1366.6598165003843,
3,3166,,2564.6909653970815,1440.8079232512227,,2198.1343334825324,1355.7150429158955,,2424.553179740913,1294.1263066871152,,2583.799798196849,1278.4091121673964,,2731.2572896002766,1285.837973607382,
4,3166,,3113.6400175145027,1413.7499811282241,,2824.8667465759954,1303.4373981887738,,2913.83793564993,1309.9046533788169,,3166.0602258469244,1293.7261934637736,,3334.367972781529,1352.2056132381513,
1,3247,,931.0553249172617,1413.749981128225,,767.5518155847813,1361.2542112377078,,895.0675466913362,1256.9059080839606,,1060.5646173149307,1317.816532234162,,1127.6929414138967,1381.1140197626164,
2,3247,,1514.0415231606748,1457.112590914925,,1167.4514391732382,1370.890346745865,,1246.7864927390174,1232.8155693135723,,1503.8268506900877,1288.908125709695,,1580.591310297209,1366.6598165003843,
3,3247,,2564.6909653970815,1440.8079232512227,,2198.1343334825324,1355.7150429158955,,2424.553179740913,1294.1263066871152,,2583.799798196849,1278.4091121673964,,2731.2572896002766,1285.837973607382,
4,3247,,3113.6400175145027,1413.7499811282241,,2824.8667465759954,1303.4373981887738,,2913.83793564993,1309.9046533788169,,3166.0602258469244,1293.7261934637736,,3334.367972781529,1352.2056132381513,
1,3327,,931.0553249172617,1413.749981128225,,767.5518155847813,1361.2542112377078,,895.0675466913362,1256.9059080839606,,1060.5646173149307,1317.816532234162,,1127.6929414138967,1381.1140197626164,
2,3327,,1514.0415231606748,1457.112590914925,,1167.4514391732382,1370.890346745865,,1246.7864927390174,1232.8155693135723,,1503.8268506900877,1288.908125709695,,1580.591310297209,1366.6598165003843,
3,3327,,2564.6909653970815,1440.8079232512227,,2198.1343334825324,1355.7150429158955,,2424.553179740913,1294.1263066871152,,2583.799798196849,1278.4091121673964,,2731.2572896002766,1285.837973607382,
4,3327,,3113.6400175145027,1413.7499811282241,,2824.8667465759954,1303.4373981887738,,2913.83793564993,1309.9046533788169,,3166.0602258469244,1293.7261934637736,,3334.367972781529,1352.2056132381513,
1,3408,,931.0553249172617,1413.749981128225,,767.5518155847813,1361.2542112377078,,895.0675466913362,1256.9059080839606,,1060.5646173149307,1317.816532234162,,1127.6929414138967,1381.1140197626164,
2,3408,,1514.0415231606748,1457.112590914925,,1167.4514391732382,1370.890346745865,,1246.7864927390174,1232.8155693135723,,1503.8268506900877,1288.908125709695,,1580.591310297209,1366.6598165003843,
3,3408,,2564.6909653970815,1440.8079232512227,,2198.1343334825324,1355.7150429158955,,2424.553179740913,1294.1263066871152,,2583.799798196849,1278.4091121673964,,2731.2572896002766,1285.837973607382,
4,3408,,3113.6400175145027,1413.7499811282241,,2824.8667465759954,1303.4373981887738,,2913.83793564993,1309.9046533788169,,3166.0602258469244,1293.7261934637736,,3334.367972781529,1352.2056132381513,
1,3489,,931.0553249172617,1413.749981128225,,767.5518155847813,1361.2542112377078,,895.0675466913362,1256.9059080839606,,1060.5646173149307,1317.816532234162,,1127.6929414138967,1381.1140197626164,
2,3489,,1514.0415231606748,1457.112590914925,,1167.4514391732382,1370.890346745865,,1246.7864927390174,1232.8155693135723,,1503.8268506900877,1288.908125709695,,1580.591310297209,1366.6598165003843,
3,3489,,2564.6909653970815,1440.8079232512227,,2198.1343334825324,1355.7150429158955,,2424.553179740913,1294.1263066871152,,2583.799798196849,1278.4091121673964,,2731.2572896002766,1285.837973607382,
4,3489,,3113.6400175145027,1413.7499811282241,,2824.8667465759954,1303.4373981887738,,2913.83793564993,1309.9046533788169,,3166.0602258469244,1293.7261934637736,,3334.367972781529,1352.2056132381513,
1,3569,,931.0553249172617,1413.749981128225,,767.5518155847813,1361.2542112377078,,895.0675466913362,1256.9059080839606,,1060.5646173149307,1317.816532234162,,1127.6929414138967,1381.1140197626164,
2,3569,,1514.0415231606748,1457.112590914925,,1167.4514391732382,1370.890346745865,,1246.7864927390174,1232.8155693135723,,1503.8268506900877,1288.908125709695,,1580.591310297209,1366.6598165003843,
3,3569,,2564.6909653970815,1440.8079232512227,,2198.1343334825324,1355.7150429158955,,2424.553179740913,1294.1263066871152,,2583.799798196849,1278.4091121673964,,2731.2572896002766,1285.837973607382,
4,3569,,3113.6400175145027,1413.7499811282241,,2824.8667465759954,1303.4373981887738,,2913.83793564993,1309.9046533788169,,3166.0602258469244,1293.7261934637736,,3334.367972781529,1352.2056132381513,
1,3650,,931.0553249172617,1413.749981128225,,767.5518155847813,1361.2542112377078,,895.0675466913362,1256.9059080839606,,1060.5646173149307,1317.816532234162,,1127.6929414138967,1381.1140197626164,
2,3650,,1514.0415231606748,1457.112590914925,,1167.4514391732382,1370.890346745865,,1246.7864927390174,1232.8155693135723,,1503.8268506900877,1288.908125709695,,1580.591310297209,1366.6598165003843,
3,3650,,2564.6909653970815,1440.8079232512227,,2198.1343334825324,1355.7150429158955,,2424.553179740913,1294.1263066871152,,2583.799798196849,1278.4091121673964,,2731.2572896002766,1285.837973607382,
4,3650,,3113.6400175145027,1413.7499811282241,,2824.8667465759954,1303.4373981887738,,2913.83793564993,1309.9046533788169,,3166.0602258469244,1293.7261934637736,,3334.367972781529,1352.2056132381513,
1,3730,,931.0553249172617,1413.749981128225,,767.5518155847813,1361.2542112377078,,895.0675466913362,1256.9059080839606,,1060.5646173149307,1317.816532234162,,1127.6929414138967,1381.1140197626164,
2,3730,,1514.0415231606748,1457.112590914925,,1167.4514391732382,1370.890346745865,,1246.7864927390174,1232.8155693135723,,1503.8268506900877,1288.908125709695,,1580.591310297209,1366.6598165003843,
3,3730,,2564.6909653970815,1440.8079232512227,,2198.1343334825324,1355.7150429158955,,2424.553179740913,1294.1263066871152,,2583.799798196849,1278.4091121673964,,2731.2572896002766,1285.837973607382,
4,3730,,3113.6400175145027,1413.7499811282241,,2824.8667465759954,1303.4373981887738,,2913.83793564993,1309.9046533788169,,3166.0602258469244,1293.7261934637736,,3334.367972781529,1352.2056132381513,
1,3811,,931.0553249172617,1413.749981128225,,767.5518155847813,1361.2542112377078,,895.0675466913362,1256.9059080839606,,1060.5646173149307,1317.816532234162,,1127.6929414138967,1381.1140197626164,
2,3811,,1514.0415231606748,1457.112590914925,,1167.4514391732382,1370.890346745865,,1246.7864927390174,1232.8155693135723,,1503.8268506900877,1288.908125709695,,1580.591310297209,1366.6598165003843,
3,3811,,2564.6909653970815,1440.8079232512227,,2198.1343334825324,1355.7150429158955,,2424.553179740913,1294.1263066871152,,2583.799798196849,1278.4091121673964,,2731.2572896002766,1285.837973607382,
4,3811,,3113.6400175145027,1413.7499811282241,,2824.8667465759954,1303.4373981887738,,2913.83793564993,1309.9046533788169,,3166.0602258469244,1293.7261934637736,,3334.367972781529,1352.2056132381513,
1,3891,,931.0553249172617,1413.749981128225,,767.5518155847813,1361.2542112377078,,895.0675466913362,1256.9059080839606,,1060.5646173149307,1317.816532234162,,1127.6929414138967,1381.1140197626164,
2,3891,,1514.0415231606748,1457.112590914925,,1167.4514391732382,1370.890346745865,,1246.7864927390174,1232.8155693135723,,1484.554579673776,1312.9984644800834,,1580.591310297209,1366.6598165003843,
3,3891,,2564.6909653970815,1440.8079232512227,,2198.1343334825324,1355.7150429158955,,2424.553179740913,1294.1263066871152,,2583.799798196849,1278.4091121673964,,2731.2572896002766,1285.837973607382,
4,3891,,3113.6400175145027,1413.7499811282241,,2824.8667465759954,1303.4373981887738,,2913.83793564993,1309.9046533788169,,3166.0602258469244,1293.7261934637736,,3334.367972781529,1352.2056132381513,
1,3971,,931.0553249172617,1413.749981128225,,767.5518155847813,1361.2542112377078,,895.0675466913362,1256.9059080839606,,1060.5646173149307,1317.816532234162,,1127.6929414138967,1381.1140197626164,
2,3971,,1514.0415231606748,1457.112590914925,,1167.4514391732382,1370.890346745865,,1246.7864927390174,1232.8155693135723,,1484.554579673776,1312.9984644800834,,1580.591310297209,1366.6598165003843,
3,3971,,2564.6909653970815,1440.8079232512227,,2198.1343334825324,1355.7150429158955,,2424.553179740913,1294.1263066871152,,2583.799798196849,1278.4091121673964,,2731.2572896002766,1285.837973607382,
4,3971,,3108.821949760426,1413.7499811282232,,2824.8667465759954,1303.4373981887738,,2913.83793564993,1309.9046533788169,,3166.0602258469244,1293.7261934637736,,3334.367972781529,1352.2056132381513,
1,4052,,931.0553249172617,1413.749981128225,,767.5518155847813,1361.2542112377078,,895.0675466913362,1256.9059080839606,,1060.5646173149307,1317.816532234162,,1127.6929414138967,1381.1140197626164,
2,4052,,1514.0415231606748,1457.112590914925,,1167.4514391732382,1370.890346745865,,1246.7864927390174,1232.8155693135723,,1484.554579673776,1312.9984644800834,,1580.591310297209,1366.6598165003843,
3,4052,,2564.6909653970815,1440.8079232512227,,2198.1343334825324,1355.7150429158955,,2424.553179740913,1294.1263066871152,,2583.799798196849,1278.4091121673964,,2731.2572896002766,1285.837973607382,
4,4052,,3113.6400175145027,1413.7499811282241,,2824.8667465759954,1303.4373981887738,,2913.83793564993,1309.9046533788169,,3166.0602258469244,1293.7261934637736,,3334.367972781529,1352.2056132381513,
1,4132,,931.0553249172617,1413.749981128225,,767.5518155847813,1361.2542112377078,,895.0675466913362,1256.9059080839606,,1060.5646173149307,1317.816532234162,,1127.6929414138967,1381.1140197626164,
2,4132,,1514.0415231606748,1457.112590914925,,1167.4514391732382,1370.890346745865,,1246.7864927390174,1232.8155693135723,,1484.554579673776,1312.9984644800834,,1580.591310297209,1366.6598165003843,
3,4132,,2564.6909653970815,1440.8079232512227,,2198.1343334825324,1355.7150429158955,,2424.553179740913,1294.1263066871152,,2583.799798196849,1278.4091121673964,,2731.2572896002766,1285.837973607382,
4,4132,,3113.6400175145027,1413.7499811282241,,2824.8667465759954,1303.4373981887738,,2913.83793564993,1309.9046533788169,,3166.0602258469244,1293.7261934637736,,3334.367972781529,1352.2056132381513,
1,4213,,931.0553249172617,1413.749981128225,,767.5518155847813,1361.2542112377078,,895.0675466913362,1256.9059080839606,,1060.5646173149307,1317.816532234162,,1127.6929414138967,1381.1140197626164,
2,4213,,1514.0415231606748,1457.112590914925,,1167.4514391732382,1370.890346745865,,1246.7864927390174,1232.8155693135723,,1484.554579673776,1312.9984644800834,,1580.591310297209,1366.6598165003843,
3,4213,,2564.6909653970815,1440.8079232512227,,2198.1343334825324,1355.7150429158955,,2424.553179740913,1294.1263066871152,,2583.799798196849,1278.4091121673964,,2731.2572896002766,1285.837973607382,
4,4213,,3113.6400175145027,1413.7499811282241,,2824.8667465759954,1303.4373981887738,,2913.83793564993,1309.9046533788169,,3166.0602258469244,1293.7261934637736,,3334.367972781529,1352.2056132381513,
1,4294,,931.0553249172617,1413.749981128225,,767.5518155847813,1361.2542112377078,,895.0675466913362,1256.9059080839606,,1060.5646173149307,1317.816532234162,,1127.6929414138967,1381.1140197626164,
2,4294,,1514.0415231606748,1457.112590914925,,1167.4514391732382,1370.890346745865,,1246.7864927390174,1232.8155693135723,,1484.554579673776,1312.9984644800834,,1580.591310297209,1366.6598165003843,
3,4294,,2564.6909653970815,1440.8079232512227,,2198.1343334825324,1355.7150429158955,,2424.553179740913,1294.1263066871152,,2583.799798196849,1278.4091121673964,,2731.2572896002766,1285.837973607382,
4,4294,,3113.6400175145027,1413.7499811282241,,2824.8667465759954,1303.4373981887738,,2913.83793564993,1309.9046533788169,,3166.0602258469244,1293.7261934637736,,3334.367972781529,1352.2056132381513,
1,4374,,931.0553249172617,1413.749981128225,,767.5518155847813,1361.2542112377078,,895.0675466913362,1256.9059080839606,,1060.5646173149307,1317.816532234162,,1127.6929414138967,1381.1140197626164,
2,4374,,1514.0415231606748,1457.112590914925,,1167.4514391732382,1370.890346745865,,1246.7864927390174,1232.8155693135723,,1484.554579673776,1312.9984644800834,,1580.591310297209,1366.6598165003843,
3,4374,,2564.6909653970815,1440.8079232512227,,2198.1343334825324,1355.7150429158955,,2424.553179740913,1294.1263066871152,,2583.799798196849,1278.4091121673964,,2731.2572896002766,1285.837973607382,
4,4374,,3113.6400175145027,1413.7499811282241,,2824.8667465759954,1303.4373981887738,,2913.83793564993,1309.9046533788169,,3166.0602258469244,1293.7261934637736,,3334.367972781529,1352.2056132381513,
1,4455,,931.0553249172617,1413.749981128225,,767.5518155847813,1361.2542112377078,,895.0675466913362,1256.9059080839606,,1060.5646173149307,1317.816532234162,,1127.6929414138967,1381.1140197626164,
2,4455,,1514.0415231606748,1457.112590914925,,1167.4514391732382,1370.890346745865,,1246.7864927390174,1232.8155693135723,,1484.554579673776,1312.9984644800834,,1580.591310297209,1366.6598165003843,
3,4455,,2564.6909653970815,1440.8079232512227,,2198.1343334825324,1355.7150429158955,,2424.553179740913,1294.1263066871152,,2583.799798196849,1278.4091121673964,,2731.2572896002766,1285.837973607382,
4,4455,,3113.6400175145027,1413.7499811282241,,2824.8667465759954,1303.4373981887738,,2913.83793564993,1309.9046533788169,,3166.0602258469244,1293.7261934637736,,3334.367972781529,1352.2056132381513,
1,4536,,931.0553249172617,1413.749981128225,,767.5518155847813,1361.2542112377078,,895.0675466913362,1256.9059080839606,,1060.5646173149307,1317.816532234162,,1127.6929414138967,1381.1140197626164,
2,4536,,1514.0415231606748,1457.112590914925,,1167.4514391732382,1370.890346745865,,1246.7864927390174,1232.8155693135723,,1484.554579673776,1312.9984644800834,,1580.591310297209,1366.6598165003843,
3,4536,,2564.6909653970815,1440.8079232512227,,2198.1343334825324,1355.7150429158955,,2424.553179740913,1294.1263066871152,,2583.799798196849,1278.4091121673964,,2731.2572896002766,1285.837973607382,
4,4536,,3113.6400175145027,1413.7499811282241,,2824.8667465759954,1303.4373981887738,,2913.83793564993,1309.9046533788169,,3166.0602258469244,1293.7261934637736,,3334.367972781529,1352.2056132381513,
1,4617,,931.0553249172617,1413.749981128225,,767.5518155847813,1361.2542112377078,,895.0675466913362,1256.9059080839606,,1060.5646173149307,1317.816532234162,,1127.6929414138967,1381.1140197626164,
2,4617,,1514.0415231606748,1457.112590914925,,1167.4514391732382,1370.890346745865,,1246.7864927390174,1232.8155693135723,,1484.554579673776,1312.9984644800834,,1580.591310297209,1366.6598165003843,
3,4617,,2564.6909653970815,1440.8079232512227,,2198.1343334825324,1355.7150429158955,,2424.553179740913,1294.1263066871152,,2583.799798196849,1278.4091121673964,,2731.2572896002766,1285.837973607382,
4,4617,,3113.6400175145027,1413.7499811282241,,2824.8667465759954,1303.4373981887738,,2913.83793564993,1309.9046533788169,,3166.0602258469244,1293.7261934637736,,3334.367972781529,1352.2056132381513,
1,4697,,931.0553249172617,1413.749981128225,,767.5518155847813,1361.2542112377078,,895.0675466913362,1256.9059080839606,,1060.5646173149307,1317.816532234162,,1127.6929414138967,1381.1140197626164,
2,4697,,1514.0415231606748,1457.112590914925,,1167.4514391732382,1370.890346745865,,1246.7864927390174,1232.8155693135723,,1484.554579673776,1312.9984644800834,,1580.591310297209,1366.6598165003843,
3,4697,,2564.6909653970815,1440.8079232512227,,2198.1343334825324,1355.7150429158955,,2424.553179740913,1294.1263066871152,,2583.799798196849,1278.4091121673964,,2731.2572896002766,1285.837973607382,
4,4697,,3113.6400175145027,1413.7499811282241,,2824.8667465759954,1303.4373981887738,,2913.83793564993,1309.9046533788169,,3166.0602258469244,1293.7261934637736,,3334.367972781529,1352.2056132381513,
1,4778,,931.0553249172617,1413.749981128225,,767.5518155847813,1361.2542112377078,,895.0675466913362,1256.9059080839606,,1060.5646173149307,1317.816532234162,,1127.6929414138967,1381.1140197626164,
2,4778,,1514.0415231606748,1457.112590914925,,1167.4514391732382,1370.890346745865,,1246.7864927390174,1232.8155693135723,,1484.554579673776,1312.9984644800834,,1580.591310297209,1366.6598165003843,
3,4778,,2564.6909653970815,1440.8079232512227,,2198.1343334825324,1355.7150429158955,,2424.553179740913,1294.1263066871152,,2583.799798196849,1278.4091121673964,,2731.2572896002766,1285.837973607382,
4,4778,,3113.6400175145027,1413.7499811282241,,2824.8667465759954,1303.4373981887738,,2913.83793564993,1309.9046533788169,,3166.0602258469244,1293.7261934637736,,3334.367972781529,1352.2056132381513,
1,4858,,926.237257163184,1413.749981128225,,767.5518155847813,1361.2542112377078,,895.0675466913362,1256.9059080839606,,1060.5646173149307,1317.816532234162,,1127.6929414138967,1381.1140197626164,
2,4858,,1514.0415231606748,1457.112590914925,,1167.4514391732382,1370.890346745865,,1246.7864927390174,1232.8155693135723,,1484.554579673776,1312.9984644800834,,1580.591310297209,1366.6598165003843,
3,4858,,2564.6909653970815,1440.8079232512227,,2198.1343334825324,1355.7150429158955,,2424.553179740913,1294.1263066871152,,2583.799798196849,1278.4091121673964,,2731.2572896002766,1285.837973607382,
4,4858,,3113.6400175145027,1413.7499811282241,,2824.8667465759954,1303.4373981887738,,2913.83793564993,1309.9046533788169,,3166.0602258469244,1293.7261934637736,,3334.367972781529,1352.2056132381513,
1,4939,,931.0553249172617,1413.749981128225,,767.5518155847813,1361.2542112377078,,895.0675466913362,1256.9059080839606,,1060.5646173149307,1317.816532234162,,1127.6929414138967,1381.1140197626164,
2,4939,,1514.0415231606748,1457.112590914925,,1167.4514391732382,1370.890346745865,,1246.7864927390174,1232.8155693135723,,1484.554579673776,1312.9984644800834,,1580.591310297209,1366.6598165003843,
3,4939,,2564.6909653970815,1440.8079232512227,,2198.1343334825324,1355.7150429158955,,2424.553179740913,1294.1263066871152,,2583.799798196849,1278.4091121673964,,2731.2572896002766,1285.837973607382,
4,4939,,3113.6400175145027,1413.7499811282241,,2824.8667465759954,1303.4373981887738,,2913.83793564993,1309.9046533788169,,3166.0602258469244,1293.7261934637736,,3334.367972781529,1352.2056132381513,
1,5020,,931.0553249172617,1413.749981128225,,767.5518155847813,1361.2542112377078,,895.0675466913362,1256.9059080839606,,1060.5646173149307,1317.816532234162,,1127.6929414138967,1381.1140197626164,
2,5020,,1514.0415231606748,1457.112590914925,,1167.4514391732382,1370.890346745865,,1246.7864927390174,1232.8155693135723,,1484.554579673776,1312.9984644800834,,1580.591310297209,1366.6598165003843,
3,5020,,2564.6909653970815,1440.8079232512227,,2198.1343334825324,1355.7150429158955,,2424.553179740913,1294.1263066871152,,2583.799798196849,1278.4091121673964,,2731.2572896002766,1285.837973607382,
4,5020,,3113.6400175145027,1413.7499811282241,,2824.8667465759954,1303.4373981887738,,2913.83793564993,1309.9046533788169,,3166.0602258469244,1293.7261934637736,,3334.367972781529,1352.2056132381513,
1,5100,,931.0553249172617,1413.749981128225,,767.5518155847813,1361.2542112377078,,895.0675466913362,1256.9059080839606,,1060.5646173149307,1317.816532234162,,1127.6929414138967,1381.1140197626164,
2,5100,,1514.0415231606748,1457.112590914925,,1167.4514391732382,1370.890346745865,,1246.7864927390174,1232.8155693135723,,1484.554579673776,1312.9984644800834,,1580.591310297209,1366.6598165003843,
3,5100,,2564.6909653970815,1440.8079232512227,,2198.1343334825324,1355.7150429158955,,2424.553179740913,1294.1263066871152,,2583.799798196849,1278.4091121673964,,2731.2572896002766,1285.837973607382,
4,5100,,3113.6400175145027,1413.7499811282241,,2824.8667465759954,1303.4373981887738,,2913.83793564993,1309.9046533788169,,3166.0602258469244,1293.7261934637736,,3334.367972781529,1352.2056132381513,
1,5181,,931.0553249172617,1413.749981128225,,767.5518155847813,1361.2542112377078,,895.0675466913362,1256.9059080839606,,1060.5646173149307,1317.816532234162,,1127.6929414138967,1381.1140197626164,
2,5181,,1514.0415231606748,1457.112590914925,,1167.4514391732382,1370.890346745865,,1246.7864927390174,1232.8155693135723,,1484.554579673776,1312.9984644800834,,1580.591310297209,1366.6598165003843,
3,5181,,2564.6909653970815,1440.8079232512227,,2198.1343334825324,1355.7150429158955,,2424.553179740913,1294.1263066871152,,2583.799798196849,1278.4091121673964,,2731.2572896002766,1285.837973607382,
4,5181,,3113.6400175145027,1413.7499811282241,,2824.8667465759954,1303.4373981887738,,2913.83793564993,1309.9046533788169,,3166.0602258469244,1293.7261934637736,,3334.367972781529,1352.2056132381513,
1,5261,,931.0553249172617,1413.749981128225,,767.5518155847813,1361.2542112377078,,895.0675466913362,1256.9059080839606,,1060.5646173149307,1317.816532234162,,1127.6929414138967,1381.1140197626164,
2,5261,,1514.0415231606748,1457.112590914925,,1167.4514391732382,1370.890346745865,,1246.7864927390174,1232.8155693135723,,1484.554579673776,1312.9984644800834,,1580.591310297209,1366.6598165003843,
3,5261,,2564.6909653970815,1440.8079232512227,,2198.1343334825324,1355.7150429158955,,2424.553179740913,1294.1263066871152,,2583.799798196849,1278.4091121673964,,2731.2572896002766,1285.837973607382,
4,5261,,3113.6400175145027,1413.7499811282241,,2824.8667465759954,1303.4373981887738,,2913.83793564993,1309.9046533788169,,3166.0602258469244,1293.7261934637736,,3334.367972781529,1352.2056132381513,
1,5341,,931.0553249172617,1413.749981128225,,767.5518155847813,1361.2542112377078,,895.0675466913362,1256.9059080839606,,1060.5646173149307,1317.816532234162,,1127.6929414138967,1381.1140197626164,
2,5341,,1514.0415231606748,1457.112590914925,,1167.4514391732382,1370.890346745865,,1246.7864927390174,1232.8155693135723,,1484.554579673776,1312.9984644800834,,1580.591310297209,1366.6598165003843,
3,5341,,3113.6400175145027,1413.7499811282241,,2824.8667465759954,1303.4373981887738,,2913.83793564993,1309.9046533788169,,3166.0602258469244,1293.7261934637736,,3334.367972781529,1352.2056132381513,
4,5341,,2564.6909653970815,1440.8079232512227,,2198.1343334825324,1355.7150429158955,,2424.553179740913,1294.1263066871152,,2583.799798196849,1278.4091121673964,,2731.2572896002766,1285.837973607382,
1,5422,,931.0553249172617,1413.749981128225,,767.5518155847813,1361.2542112377078,,895.0675466913362,1256.9059080839606,,1060.5646173149307,1317.816532234162,,1127.6929414138967,1381.1140197626164,
2,5422,,1514.0415231606748,1457.112590914925,,1167.4514391732382,1370.890346745865,,1246.7864927390174,1232.8155693135723,,1484.554579673776,1312.9984644800834,,1580.591310297209,1366.6598165003843,
3,5422,,3113.6400175145027,1413.7499811282241,,2824.8667465759954,1303.4373981887738,,2913.83793564993,1309.9046533788169,,3166.0602258469244,1293.7261934637736,,3334.367972781529,1352.2056132381513,
4,5422,,2564.6909653970815,1440.8079232512227,,2198.1343334825324,1355.7150429158955,,2424.553179740913,1294.1263066871152,,2583.799798196849,1278.4091121673964,,2731.2572896002766,1285.837973607382,
1,5502,,931.0553249172617,1413.749981128225,,767.5518155847813,1361.2542112377078,,895.0675466913362,1256.9059080839606,,1060.5646173149307,1317.816532234162,,1127.6929414138967,1381.1140197626164,
2,5502,,1514.0415231606748,1457.112590914925,,1167.4514391732382,1370.890346745865,,1246.7864927390174,1232.8155693135723,,1484.554579673776,1312.9984644800834,,1580.591310297209,1366.6598165003843,
3,5502,,3113.6400175145027,1413.7499811282241,,2824.8667465759954,1303.4373981887738,,2913.83793564993,1309.9046533788169,,3166.0602258469244,1293.7261934637736,,3334.367972781529,1352.2056132381513,
4,5502,,2564.6909653970815,1440.8079232512227,,2198.1343334825324,1355.7150429158955,,2424.553179740913,1294.1263066871152,,2583.799798196849,1278.4091121673964,,2731.2572896002766,1285.837973607382,
1,5583,,931.0553249172617,1413.749981128225,,767.5518155847813,1361.2542112377078,,895.0675466913362,1256.9059080839606,,1060.5646173149307,1317.816532234162,,1127.6929414138967,1381.1140197626164,
2,5583,,1514.0415231606748,1457.112590914925,,1167.4514391732382,1370.890346745865,,1246.7864927390174,1232.8155693135723,,1484.554579673776,1312.9984644800834,,1580.591310297209,1366.6598165003843,
3,5583,,3113.6400175145027,1413.7499811282241,,2824.8667465759954,1303.4373981887738,,2913.83793564993,1309.9046533788169,,3166.0602258469244,1293.7261934637736,,3334.367972781529,1352.2056132381513,
4,5583,,2564.6909653970815,1440.8079232512227,,2198.1343334825324,1355.7150429158955,,2424.553179740913,1294.1263066871152,,2583.799798196849,1278.4091121673964,,2731.2572896002766,1285.837973607382,
1,5664,,931.0553249172617,1413.749981128225,,767.5518155847813,1361.2542112377078,,895.0675466913362,1256.9059080839606,,1060.5646173149307,1317.816532234162,,1127.6929414138967,1381.1140197626164,
2,5664,,1514.0415231606748,1457.112590914925,,1167.4514391732382,1370.890346745865,,1246.7864927390174,1232.8155693135723,,1484.554579673776,1312.9984644800834,,1580.591310297209,1366.6598165003843,
3,5664,,3113.6400175145027,1413.7499811282241,,2824.8667465759954,1303.4373981887738,,2913.83793564993,1309.9046533788169,,3166.0602258469244,1293.7261934637736,,3334.367972781529,1352.2056132381513,
4,5664,,2564.6909653970815,1440.8079232512227,,2198.1343334825324,1355.7150429158955,,2424.553179740913,1294.1263066871152,,2583.799798196849,1278.4091121673964,,2731.2572896002766,1285.837973607382,
1,5745,,931.0553249172617,1413.749981128225,,767.5518155847813,1361.2542112377078,,895.0675466913362,1256.9059080839606,,1060.5646173149307,1317.816532234162,,1127.6929414138967,1381.1140197626164,
2,5745,,1514.0415231606748,1457.112590914925,,1167.4514391732382,1370.890346745865,,1246.7864927390174,1232.8155693135723,,1484.554579673776,1312.9984644800834,,1580.591310297209,1366.6598165003843,
3,5745,,3113.6400175145027,1413.7499811282241,,2824.8667465759954,1303.4373981887738,,2913.83793564993,1309.9046533788169,,3166.0602258469244,1293.7261934637736,,3334.367972781529,1352.2056132381513,
4,5745,,2564.6909653970815,1440.8079232512227,,2198.1343334825324,1355.7150429158955,,2424.553179740913,1294.1263066871152,,2583.799798196849,1278.4091121673964,,2731.2572896002766,1285.837973607382,
1,5825,,931.0553249172617,1413.749981128225,,767.5518155847813,1361.2542112377078,,895.0675466913362,1256.9059080839606,,1060.5646173149307,1317.816532234162,,1127.6929414138967,1381.1140197626164,
2,5825,,1514.0415231606748,1457.112590914925,,1167.4514391732382,1370.890346745865,,1246.7864927390174,1232.8155693135723,,1484.554579673776,1312.9984644800834,,1580.591310297209,1366.6598165003843,
3,5825,,3113.6400175145027,1413.7499811282241,,2824.8667465759954,1303.4373981887738,,2913.83793564993,1309.9046533788169,,3166.0602258469244,1293.7261934637736,,3334.367972781529,1352.2056132381513,
4,5825,,2564.6909653970815,1440.8079232512227,,2198.1343334825324,1355.7150429158955,,2424.553179740913,1294.1263066871152,,2583.799798196849,1278.4091121673964,,2731.2572896002766,1285.837973607382,
1,5906,,931.0553249172617,1413.749981128225,,767.5518155847813,1361.2542112377078,,895.0675466913362,1256.9059080839606,,1060.5646173149307,1317.816532234162,,1127.6929414138967,1381.1140197626164,
2,5906,,1514.0415231606748,1457.112590914925,,1167.4514391732382,1370.890346745865,,1246.7864927390174,1232.8155693135723,,1484.554579673776,1312.9984644800834,,1580.591310297209,1366.6598165003843,
3,5906,,3113.6400175145027,1413.7499811282241,,2824.8667465759954,1303.4373981887738,,2913.83793564993,1309.9046533788169,,3166.0602258469244,1293.7261934637736,,3334.367972781529,1352.2056132381513,
4,5906,,2564.6909653970815,1440.8079232512227,,2198.1343334825324,1355.7150429158955,,2424.553179740913,1294.1263066871152,,2583.799798196849,1278.4091121673964,,2731.2572896002766,1285.837973607382,
1,5986,,931.0553249172617,1413.749981128225,,767.5518155847813,1361.2542112377078,,895.0675466913362,1256.9059080839606,,1060.5646173149307,1317.816532234162,,1127.6929414138967,1381.1140197626164,
2,5986,,1514.0415231606748,1457.112590914925,,1167.4514391732382,1370.890346745865,,1246.7864927390174,1232.8155693135723,,1484.554579673776,1312.9984644800834,,1580.591310297209,1366.6598165003843,
3,5986,,3113.6400175145027,1413.7499811282241,,2824.8667465759954,1303.4373981887738,,2913.83793564993,1309.9046533788169,,3166.0602258469244,1293.7261934637736,,3334.367972781529,1352.2056132381513,
4,5986,,2564.6909653970815,1440.8079232512227,,2198.1343334825324,1355.7150429158955,,2424.553179740913,1294.1263066871152,,2583.799798196849,1278.4091121673964,,2731.2572896002766,1285.837973607382,
1,6066,,931.0553249172617,1413.749981128225,,767.5518155847813,1361.2542112377078,,895.0675466913362,1256.9059080839606,,1060.5646173149307,1317.816532234162,,1127.6929414138967,1381.1140197626164,
2,6066,,1514.0415231606748,1457.112590914925,,1167.4514391732382,1370.890346745865,,1246.7864927390174,1232.8155693135723,,1484.554579673776,1312.9984644800834,,1580.591310297209,1366.6598165003843,
3,6066,,3113.6400175145027,1413.7499811282241,,2824.8667465759954,1303.4373981887738,,2913.83793564993,1309.9046533788169,,3166.0602258469244,1293.7261934637736,,3334.367972781529,1352.2056132381513,
4,6066,,2564.6909653970815,1440.8079232512227,,2198.1343334825324,1355.7150429158955,,2424.553179740913,1294.1263066871152,,2583.799798196849,1278.4091121673964,,2731.2572896002766,1285.837973607382,
1,6147,,931.0553249172617,1413.749981128225,,767.5518155847813,1361.2542112377078,,895.0675466913362,1256.9059080839606,,1060.5646173149307,1317.816532234162,,1127.6929414138967,1381.1140197626164,
2,6147,,1514.0415231606748,1457.112590914925,,1167.4514391732382,1370.890346745865,,1246.7864927390174,1232.8155693135723,,1484.554579673776,1312.9984644800834,,1580.591310297209,1366.6598165003843,
3,6147,,3113.6400175145027,1413.7499811282241,,2824.8667465759954,1303.4373981887738,,2913.83793564993,1309.9046533788169,,3166.0602258469244,1293.7261934637736,,3334.367972781529,1352.2056132381513,
4,6147,,2564.6909653970815,1440.8079232512227,,2198.1343334825324,1355.7150429158955,,2424.553179740913,1294.1263066871152,,2583.799798196849,1278.4091121673964,,2731.2572896002766,1285.837973607382,
1,6227,,931.0553249172617,1413.749981128225,,767.5518155847813,1361.2542112377078,,895.0675466913362,1256.9059080839606,,1060.5646173149307,1317.816532234162,,1127.6929414138967,1381.1140197626164,
2,6227,,1514.0415231606748,1457.112590914925,,1167.4514391732382,1370.890346745865,,1232.3322894767844,1252.0878403298839,,1484.554579673776,1312.9984644800834,,1580.591310297209,1366.6598165003843,
3,6227,,3113.6400175145027,1413.7499811282241,,2824.8667465759954,1303.4373981887738,,2913.83793564993,1309.9046533788169,,3166.0602258469244,1293.7261934637736,,3334.367972781529,1352.2056132381513,
4,6227,,2564.6909653970815,1440.8079232512227,,2198.1343334825324,1355.7150429158955,,2424.553179740913,1294.1263066871152,,2583.799798196849,1278.4091121673964,,2731.2572896002766,1285.837973607382,
1,6308,,931.0553249172617,1413.749981128225,,767.5518155847813,1361.2542112377078,,895.0675466913362,1256.9059080839606,,1060.5646173149307,1317.816532234162,,1127.6929414138967,1381.1140197626164,
2,6308,,1514.0415231606748,1457.112590914925,,1167.4514391732382,1370.890346745865,,1232.3322894767844,1252.0878403298839,,1484.554579673776,1312.9984644800834,,1580.591310297209,1366.6598165003843,
3,6308,,3136.3133069025735,1417.5968017530222,,2852.509789023883,1344.8676609520498,,2986.4537481237257,1331.6060225846932,,3184.2743071070654,1317.4317725628844,,3320.9005426947006,1362.7010043807286,
4,6308,,2564.6909653970815,1440.8079232512227,,2198.1343334825324,1355.7150429158955,,2424.553179740913,1294.1263066871152,,2583.799798196849,1278.4091121673964,,2731.2572896002766,1285.837973607382,
1,6389,,931.0553249172617,1413.749981128225,,767.5518155847813,1361.2542112377078,,895.0675466913362,1256.9059080839606,,1060.5646173149307,1317.816532234162,,1127.6929414138967,1381.1140197626164,
2,6389,,1514.0415231606748,1457.112590914925,,1167.4514391732382,1370.890346745865,,1232.3322894767844,1252.0878403298839,,1484.554579673776,1312.9984644800834,,1580.591310297209,1366.6598165003843,
3,6389,,3136.3133069025735,1417.5968017530222,,2852.509789023883,1344.8676609520498,,2986.4537481237257,1331.6060225846932,,3184.2743071070654,1317.4317725628844,,3320.9005426947006,1362.7010043807286,
4,6389,,2564.6909653970815,1440.8079232512227,,2198.1343334825324,1355.7150429158955,,2424.553179740913,1294.1263066871152,,2583.799798196849,1278.4091121673964,,2731.2572896002766,1285.837973607382,
1,6470,,931.0553249172617,1413.749981128225,,767.5518155847813,1361.2542112377078,,895.0675466913362,1256.9059080839606,,1060.5646173149307,1317.816532234162,,1127.6929414138967,1381.1140197626164,
2,6470,,1514.0415231606748,1457.112590914925,,1167.4514391732382,1370.890346745865,,1232.3322894767844,1252.0878403298839,,1484.554579673776,1312.9984644800834,,1580.591310297209,1366.6598165003843,
3,6470,,3136.3133069025735,1417.5968017530222,,2852.509789023883,1344.8676609520498,,2986.4537481237257,1331.6060225846932,,3184.2743071070654,1317.4317725628844,,3320.9005426947006,1362.7010043807286,
4,6470,,2564.6909653970815,1440.8079232512227,,2198.1343334825324,1355.7150429158955,,2424.553179740913,1294.1263066871152,,2583.799798196849,1278.4091121673964,,2731.2572896002766,1285.837973607382,
1,6550,,931.0553249172617,1413.749981128225,,767.5518155847813,1361.2542112377078,,895.0675466913362,1256.9059080839606,,1060.5646173149307,1317.816532234162,,1127.6929414138967,1381.1140197626164,
2,6550,,1514.0415231606748,1457.112590914925,,1167.4514391732382,1370.890346745865,,1232.3322894767844,1252.0878403298839,,1484.554579673776,1312.9984644800834,,1580.591310297209,1366.6598165003843,
3,6550,,3136.3133069025735,1417.5968017530222,,2852.509789023883,1344.8676609520498,,2986.4537481237257,1331.6060225846932,,3184.2743071070654,1317.4317725628844,,3320.9005426947006,1362.7010043807286,
4,6550,,2564.6909653970815,1440.8079232512227,,2198.1343334825324,1355.7150429158955,,2424.553179740913,1294.1263066871152,,2583.799798196849,1278.4091121673964,,2731.2572896002766,1285.837973607382,
1,6630,,931.0553249172617,1413.749981128225,,767.5518155847813,1361.2542112377078,,895.0675466913362,1256.9059080839606,,1060.5646173149307,1317.816532234162,,1127.6929414138967,1381.1140197626164,
2,6630,,1514.0415231606748,1457.112590914925,,1167.4514391732382,1370.890346745865,,1232.3322894767844,1252.0878403298839,,1484.554579673776,1312.9984644800834,,1580.591310297209,1366.6598165003843,
3,6630,,3136.3133069025735,1417.5968017530222,,2852.509789023883,1344.8676609520498,,2986.4537481237257,1331.6060225846932,,3184.2743071070654,1317.4317725628844,,3320.9005426947006,1362.7010043807286,
4,6630,,2564.6909653970815,1440.8079232512227,,2198.1343334825324,1355.7150429158955,,2424.553179740913,1294.1263066871152,,2583.799798196849,1278.4091121673964,,2731.2572896002766,1285.837973607382,
1,6711,,931.0553249172617,1413.749981128225,,767.5518155847813,1361.2542112377078,,895.0675466913362,1256.9059080839606,,1060.5646173149307,1317.816532234162,,1127.6929414138967,1381.1140197626164,
2,6711,,1514.0415231606748,1457.112590914925,,1167.4514391732382,1370.890346745865,,1232.3322894767844,1252.0878403298839,,1484.554579673776,1312.9984644800834,,1580.591310297209,1366.6598165003843,
3,6711,,3136.3133069025735,1417.5968017530222,,2852.509789023883,1344.8676609520498,,2986.4537481237257,1331.6060225846932,,3184.2743071070654,1317.4317725628844,,3320.9005426947006,1362.7010043807286,
4,6711,,2564.6909653970815,1440.8079232512227,,2198.1343334825324,1355.7150429158955,,2424.553179740913,1294.1263066871152,,2583.799798196849,1278.4091121673964,,2731.2572896002766,1285.837973607382,
1,6791,,931.0553249172617,1413.749981128225,,767.5518155847813,1361.2542112377078,,895.0675466913362,1256.9059080839606,,1060.5646173149307,1317.816532234162,,1127.6929414138967,1381.1140197626164,
2,6791,,1514.0415231606748,1457.112590914925,,1167.4514391732382,1370.890346745865,,1232.3322894767844,1252.0878403298839,,1484.554579673776,1312.9984644800834,,1580.591310297209,1366.6598165003843,
3,6791,,3136.3133069025735,1417.5968017530222,,2852.509789023883,1344.8676609520498,,2986.4537481237257,1331.6060225846932,,3184.2743071070654,1317.4317725628844,,3320.9005426947006,1362.7010043807286,
4,6791,,2564.6909653970815,1440.8079232512227,,2198.1343334825324,1355.7150429158955,,2424.553179740913,1294.1263066871152,,2583.799798196849,1278.4091121673964,,2731.2572896002766,1285.837973607382,
1,6872,,931.0553249172617,1413.749981128225,,767.5518155847813,1361.2542112377078,,895.0675466913362,1256.9059080839606,,1060.5646173149307,1317.816532234162,,1127.6929414138967,1381.1140197626164,
2,6872,,1514.0415231606748,1457.112590914925,,1167.4514391732382,1370.890346745865,,1232.3322894767844,1252.0878403298839,,1484.554579673776,1312.9984644800834,,1580.591310297209,1366.6598165003843,
3,6872,,3136.3133069025735,1417.5968017530222,,2852.509789023883,1344.8676609520498,,2986.4537481237257,1331.6060225846932,,3184.2743071070654,1317.4317725628844,,3320.9005426947006,1362.7010043807286,
4,6872,,2564.6909653970815,1440.8079232512227,,2198.1343334825324,1355.7150429158955,,2424.553179740913,1294.1263066871152,,2583.799798196849,1278.4091121673964,,2731.2572896002766,1285.837973607382,
1,6952,,931.0553249172617,1413.749981128225,,767.5518155847813,1361.2542112377078,,895.0675466913362,1256.9059080839606,,1060.5646173149307,1317.816532234162,,1127.6929414138967,1381.1140197626164,
2,6952,,1514.0415231606748,1457.112590914925,,1167.4514391732382,1370.890346745865,,1232.3322894767844,1252.0878403298839,,1484.554579673776,1312.9984644800834,,1580.591310297209,1366.6598165003843,
3,6952,,3136.3133069025735,1417.5968017530222,,2852.509789023883,1344.8676609520498,,2986.4537481237257,1331.6060225846932,,3184.2743071070654,1317.4317725628844,,3320.9005426947006,1362.7010043807286,
4,6952,,2564.6909653970815,1440.8079232512227,,2198.1343334825324,1355.7150429158955,,2424.553179740913,1294.1263066871152,,2583.799798196849,1278.4091121673964,,2731.2572896002766,1285.837973607382,
1,7033,,931.0553249172617,1413.749981128225,,767.5518155847813,1361.2542112377078,,895.0675466913362,1256.9059080839606,,1060.5646173149307,1317.816532234162,,1127.6929414138967,1381.1140197626164,
2,7033,,1514.0415231606748,1457.112590914925,,1167.4514391732382,1370.890346745865,,1232.3322894767844,1252.0878403298839,,1484.554579673776,1312.9984644800834,,1580.591310297209,1366.6598165003843,
3,7033,,3136.3133069025735,1417.5968017530222,,2852.509789023883,1344.8676609520498,,2986.4537481237257,1331.6060225846932,,3184.2743071070654,1317.4317725628844,,3320.9005426947006,1362.7010043807286,
4,7033,,2564.6909653970815,1440.8079232512227,,2198.1343334825324,1355.7150429158955,,2424.553179740913,1294.1263066871152,,2583.799798196849,1278.4091121673964,,2731.2572896002766,1285.837973607382,
1,7114,,931.0553249172617,1413.749981128225,,767.5518155847813,1361.2542112377078,,895.0675466913362,1256.9059080839606,,1060.5646173149307,1317.816532234162,,1127.6929414138967,1381.1140197626164,
2,7114,,1514.0415231606748,1457.112590914925,,1167.4514391732382,1370.890346745865,,1232.3322894767844,1252.0878403298839,,1484.554579673776,1312.9984644800834,,1580.591310297209,1366.6598165003843,
3,7114,,3136.3133069025735,1417.5968017530222,,2852.509789023883,1344.8676609520498,,2986.4537481237257,1331.6060225846932,,3184.2743071070654,1317.4317725628844,,3320.9005426947006,1362.7010043807286,
4,7114,,2564.6909653970815,1440.8079232512227,,2198.1343334825324,1355.7150429158955,,2424.553179740913,1294.1263066871152,,2583.799798196849,1278.4091121673964,,2731.2572896002766,1285.837973607382,
1,7194,,931.0553249172617,1413.749981128225,,767.5518155847813,1361.2542112377078,,895.0675466913362,1256.9059080839606,,1060.5646173149307,1317.816532234162,,1127.6929414138967,1381.1140197626164,
2,7194,,1514.0415231606748,1457.112590914925,,1167.4514391732382,1370.890346745865,,1232.3322894767844,1252.0878403298839,,1484.554579673776,1312.9984644800834,,1580.591310297209,1366.6598165003843,
3,7194,,3136.3133069025735,1417.5968017530222,,2852.509789023883,1344.8676609520498,,2986.4537481237257,1331.6060225846932,,3184.2743071070654,1317.4317725628844,,3320.9005426947006,1362.7010043807286,
4,7194,,2564.6909653970815,1440.8079232512227,,2198.1343334825324,1355.7150429158955,,2424.553179740913,1294.1263066871152,,2583.799798196849,1278.4091121673964,,2731.2572896002766,1285.837973607382,
1,7275,,931.0553249172617,1413.749981128225,,767.5518155847813,1361.2542112377078,,895.0675466913362,1256.9059080839606,,1060.5646173149307,1317.816532234162,,1127.6929414138967,1381.1140197626164,
2,7275,,1514.0415231606748,1457.112590914925,,1167.4514391732382,1370.890346745865,,1232.3322894767844,1252.0878403298839,,1484.554579673776,1312.9984644800834,,1580.591310297209,1366.6598165003843,
3,7275,,3136.3133069025735,1417.5968017530222,,2852.509789023883,1344.8676609520498,,2986.4537481237257,1331.6060225846932,,3184.2743071070654,1317.4317725628844,,3320.9005426947006,1362.7010043807286,
4,7275,,2564.6909653970815,1440.8079232512227,,2198.1343334825324,1355.7150429158955,,2424.553179740913,1294.1263066871152,,2583.799798196849,1278.4091121673964,,2731.2572896002766,1285.837973607382,
1,7355,,931.0553249172617,1413.749981128225,,767.5518155847813,1361.2542112377078,,895.0675466913362,1256.9059080839606,,1060.5646173149307,1317.816532234162,,1127.6929414138967,1381.1140197626164,
2,7355,,1466.191269197092,1466.1018351690263,,1155.5330476240233,1366.9775215827249,,1246.857185476264,1286.3059542733454,,1467.4867415530425,1331.6060225846932,,1568.2228477430535,1371.3926061643633,
3,7355,,3136.3133069025735,1417.5968017530222,,2852.509789023883,1344.8676609520498,,2986.4537481237257,1331.6060225846932,,3184.2743071070654,1317.4317725628844,,3320.9005426947006,1362.7010043807286,
4,7355,,2553.101873633994,1421.6110966408996,,2212.5409570990687,1360.0725462409182,,2409.9708953679437,1307.5156838143039,,2577.1809497352824,1283.626406291798,,2764.5453492578126,1348.3787839506012,
1,7435,,931.0553249172617,1413.749981128225,,767.5518155847813,1361.2542112377078,,895.0675466913362,1256.9059080839606,,1060.5646173149307,1317.816532234162,,1127.6929414138967,1381.1140197626164,
2,7435,,1466.191269197092,1466.1018351690263,,1155.5330476240233,1366.9775215827249,,1246.857185476264,1286.3059542733454,,1467.4867415530425,1331.6060225846932,,1568.2228477430535,1371.3926061643633,
3,7435,,3136.3133069025735,1417.5968017530222,,2852.509789023883,1344.8676609520498,,2986.4537481237257,1331.6060225846932,,3184.2743071070654,1317.4317725628844,,3320.9005426947006,1362.7010043807286,
4,7435,,2553.101873633994,1421.6110966408996,,2212.5409570990687,1360.0725462409182,,2409.9708953679437,1307.5156838143039,,2577.1809497352824,1283.626406291798,,2764.5453492578126,1348.3787839506012,
1,7517,,931.0553249172617,1413.749981128225,,767.5518155847813,1361.2542112377078,,895.0675466913362,1256.9059080839606,,1060.5646173149307,1317.816532234162,,1127.6929414138967,1381.1140197626164,
2,7517,,1466.191269197092,1466.1018351690263,,1155.5330476240233,1366.9775215827249,,1246.857185476264,1286.3059542733454,,1467.4867415530425,1331.6060225846932,,1568.2228477430535,1371.3926061643633,
3,7517,,3136.3133069025735,1417.5968017530222,,2852.509789023883,1344.8676609520498,,2986.4537481237257,1331.6060225846932,,3184.2743071070654,1317.4317725628844,,3320.9005426947006,1362.7010043807286,
4,7517,,2553.101873633994,1421.6110966408996,,2212.5409570990687,1360.0725462409182,,2409.9708953679437,1307.5156838143039,,2577.1809497352824,1283.626406291798,,2764.5453492578126,1348.3787839506012,
1,7597,,931.0553249172617,1413.749981128225,,767.5518155847813,1361.2542112377078,,895.0675466913362,1256.9059080839606,,1060.5646173149307,1317.816532234162,,1127.6929414138967,1381.1140197626164,
2,7597,,1466.191269197092,1466.1018351690263,,1155.5330476240233,1366.9775215827249,,1246.857185476264,1286.3059542733454,,1467.4867415530425,1331.6060225846932,,1568.2228477430535,1371.3926061643633,
3,7597,,3136.3133069025735,1417.5968017530222,,2852.509789023883,1344.8676609520498,,2986.4537481237257,1331.6060225846932,,3184.2743071070654,1317.4317725628844,,3320.9005426947006,1362.7010043807286,
4,7597,,2553.101873633994,1421.6110966408996,,2212.5409570990687,1360.0725462409182,,2409.9708953679437,1307.5156838143039,,2577.1809497352824,1283.626406291798,,2764.5453492578126,1348.3787839506012,
1,7678,,931.0553249172617,1413.749981128225,,767.5518155847813,1361.2542112377078,,895.0675466913362,1256.9059080839606,,1060.5646173149307,1317.816532234162,,1127.6929414138967,1381.1140197626164,
2,7678,,1466.191269197092,1466.1018351690263,,1155.5330476240233,1366.9775215827249,,1246.857185476264,1286.3059542733454,,1467.4867415530425,1331.6060225846932,,1568.2228477430535,1371.3926061643633,
3,7678,,3136.3133069025735,1417.5968017530222,,2852.509789023883,1344.8676609520498,,2986.4537481237257,1331.6060225846932,,3184.2743071070654,1317.4317725628844,,3320.9005426947006,1362.7010043807286,
4,7678,,2553.101873633994,1421.6110966408996,,2212.5409570990687,1360.0725462409182,,2409.9708953679437,1307.5156838143039,,2577.1809497352824,1283.626406291798,,2764.5453492578126,1348.3787839506012,
1,7759,,931.0553249172617,1413.749981128225,,767.5518155847813,1361.2542112377078,,895.0675466913362,1256.9059080839606,,1060.5646173149307,1317.816532234162,,1127.6929414138967,1381.1140197626164,
2,7759,,1466.191269197092,1466.1018351690263,,1155.5330476240233,1366.9775215827249,,1246.857185476264,1286.3059542733454,,1467.4867415530425,1331.6060225846932,,1568.2228477430535,1371.3926061643633,
3,7759,,3136.3133069025735,1417.5968017530222,,2852.509789023883,1344.8676609520498,,2986.4537481237257,1331.6060225846932,,3184.2743071070654,1317.4317725628844,,3320.9005426947006,1362.7010043807286,
4,7759,,2553.101873633994,1421.6110966408996,,2212.5409570990687,1360.0725462409182,,2409.9708953679437,1307.5156838143039,,2577.1809497352824,1283.626406291798,,2764.5453492578126,1348.3787839506012,
1,7840,,931.0553249172617,1413.749981128225,,767.5518155847813,1361.2542112377078,,895.0675466913362,1256.9059080839606,,1060.5646173149307,1317.816532234162,,1127.6929414138967,1381.1140197626164,
2,7840,,1466.191269197092,1466.1018351690263,,1155.5330476240233,1366.9775215827249,,1246.857185476264,1286.3059542733454,,1467.4867415530425,1331.6060225846932,,1568.2228477430535,1371.3926061643633,
3,7840,,3136.3133069025735,1417.5968017530222,,2852.509789023883,1344.8676609520498,,2986.4537481237257,1331.6060225846932,,3184.2743071070654,1317.4317725628844,,3320.9005426947006,1362.7010043807286,
4,7840,,2553.101873633994,1421.6110966408996,,2212.5409570990687,1360.0725462409182,,2409.9708953679437,1307.5156838143039,,2577.1809497352824,1283.626406291798,,2764.5453492578126,1348.3787839506012,
1,7920,,931.0553249172617,1413.749981128225,,767.5518155847813,1361.2542112377078,,895.0675466913362,1256.9059080839606,,1060.5646173149307,1317.816532234162,,1127.6929414138967,1381.1140197626164,
2,7920,,1466.191269197092,1466.1018351690263,,1155.5330476240233,1366.9775215827249,,1246.857185476264,1286.3059542733454,,1467.4867415530425,1331.6060225846932,,1568.2228477430535,1371.3926061643633,
3,7920,,3136.3133069025735,1417.5968017530222,,2852.509789023883,1344.8676609520498,,2986.4537481237257,1331.6060225846932,,3184.2743071070654,1317.4317725628844,,3320.9005426947006,1362.7010043807286,
4,7920,,2553.101873633994,1421.6110966408996,,2212.5409570990687,1360.0725462409182,,2409.9708953679437,1307.5156838143039,,2577.1809497352824,1283.626406291798,,2764.5453492578126,1348.3787839506012,
1,8001,,931.0553249172617,1413.749981128225,,767.5518155847813,1361.2542112377078,,895.0675466913362,1256.9059080839606,,1060.5646173149307,1317.816532234162,,1127.6929414138967,1381.1140197626164,
2,8001,,1466.191269197092,1466.1018351690263,,1155.5330476240233,1366.9775215827249,,1246.857185476264,1286.3059542733454,,1467.4867415530425,1331.6060225846932,,1568.2228477430535,1371.3926061643633,
3,8001,,3136.3133069025735,1417.5968017530222,,2852.509789023883,1344.8676609520498,,2986.4537481237257,1331.6060225846932,,3184.2743071070654,1317.4317725628844,,3320.9005426947006,1362.7010043807286,
4,8001,,2553.101873633994,1421.6110966408996,,2212.5409570990687,1360.0725462409182,,2409.9708953679437,1307.5156838143039,,2577.1809497352824,1283.626406291798,,2764.5453492578126,1348.3787839506012,
1,8081,,931.0553249172617,1413.749981128225,,767.5518155847813,1361.2542112377078,,895.0675466913362,1256.9059080839606,,1060.5646173149307,1317.816532234162,,1127.6929414138967,1381.1140197626164,
2,8081,,1466.191269197092,1466.1018351690263,,1155.5330476240233,1366.9775215827249,,1246.857185476264,1286.3059542733454,,1467.4867415530425,1331.6060225846932,,1568.2228477430535,1371.3926061643633,
3,8081,,3136.3133069025735,1417.5968017530222,,2852.509789023883,1344.8676609520498,,2986.4537481237257,1331.6060225846932,,3184.2743071070654,1317.4317725628844,,3320.9005426947006,1362.7010043807286,
4,8081,,2553.101873633994,1421.6110966408996,,2212.5409570990687,1360.0725462409182,,2409.9708953679437,1307.5156838143039,,2577.1809497352824,1283.626406291798,,2764.5453492578126,1348.3787839506012,
1,8161,,931.0553249172617,1413.749981128225,,767.5518155847813,1361.2542112377078,,895.0675466913362,1256.9059080839606,,1060.5646173149307,1317.816532234162,,1127.6929414138967,1381.1140197626164,
2,8161,,1466.191269197092,1466.1018351690263,,1155.5330476240233,1366.9775215827249,,1246.857185476264,1286.3059542733454,,1467.4867415530425,1331.6060225846932,,1568.2228477430535,1371.3926061643633,
3,8161,,3136.3133069025735,1417.5968017530222,,2852.509789023883,1344.8676609520498,,2986.4537481237257,1331.6060225846932,,3184.2743071070654,1317.4317725628844,,3320.9005426947006,1362.7010043807286,
4,8161,,2553.101873633994,1421.6110966408996,,2212.5409570990687,1360.0725462409182,,2409.9708953679437,1307.5156838143039,,2577.1809497352824,1283.626406291798,,2764.5453492578126,1348.3787839506012,
1,8242,,931.0553249172617,1413.749981128225,,767.5518155847813,1361.2542112377078,,895.0675466913362,1256.9059080839606,,1060.5646173149307,1317.816532234162,,1127.6929414138967,1381.1140197626164,
2,8242,,1466.191269197092,1466.1018351690263,,1155.5330476240233,1366.9775215827249,,1246.857185476264,1286.3059542733454,,1467.4867415530425,1331.6060225846932,,1568.2228477430535,1371.3926061643633,
3,8242,,3136.3133069025735,1417.5968017530222,,2852.509789023883,1344.8676609520498,,2986.4537481237257,1331.6060225846932,,3184.2743071070654,1317.4317725628844,,3320.9005426947006,1362.7010043807286,
4,8242,,2553.101873633994,1421.6110966408996,,2212.5409570990687,1360.0725462409182,,2409.9708953679437,1307.5156838143039,,2577.1809497352824,1283.626406291798,,2764.5453492578126,1348.3787839506012,
1,8322,,931.0553249172617,1413.749981128225,,767.5518155847813,1361.2542112377078,,895.0675466913362,1256.9059080839606,,1060.5646173149307,1317.816532234162,,1127.6929414138967,1381.1140197626164,
2,8322,,1466.191269197092,1466.1018351690263,,1155.5330476240233,1366.9775215827249,,1246.857185476264,1286.3059542733454,,1467.4867415530425,1331.6060225846932,,1568.2228477430535,1371.3926061643633,
3,8322,,3136.3133069025735,1417.5968017530222,,2852.509789023883,1344.8676609520498,,2986.4537481237257,1331.6060225846932,,3184.2743071070654,1317.4317725628844,,3320.9005426947006,1362.7010043807286,
4,8322,,2553.101873633994,1421.6110966408996,,2212.5409570990687,1360.0725462409182,,2409.9708953679437,1307.5156838143039,,2577.1809497352824,1283.626406291798,,2764.5453492578126,1348.3787839506012,
1,8403,,931.0553249172617,1413.749981128225,,767.5518155847813,1361.2542112377078,,895.0675466913362,1256.9059080839606,,1060.5646173149307,1317.816532234162,,1127.6929414138967,1381.1140197626164,
2,8403,,1466.191269197092,1466.1018351690263,,1155.5330476240233,1366.9775215827249,,1246.857185476264,1286.3059542733454,,1467.4867415530425,1331.6060225846932,,1568.2228477430535,1371.3926061643633,
3,8403,,3136.3133069025735,1417.5968017530222,,2852.509789023883,1344.8676609520498,,2986.4537481237257,1331.6060225846932,,3184.2743071070654,1317.4317725628844,,3320.9005426947006,1362.7010043807286,
4,8403,,2553.101873633994,1421.6110966408996,,2212.5409570990687,1360.0725462409182,,2409.9708953679437,1307.5156838143039,,2577.1809497352824,1283.626406291798,,2764.5453492578126,1348.3787839506012,
1,8484,,931.0553249172617,1413.749981128225,,767.5518155847813,1361.2542112377078,,895.0675466913362,1256.9059080839606,,1060.5646173149307,1317.816532234162,,1127.6929414138967,1381.1140197626164,
2,8484,,1466.191269197092,1466.1018351690263,,1155.5330476240233,1366.9775215827249,,1246.857185476264,1286.3059542733454,,1467.4867415530425,1331.6060225846932,,1568.2228477430535,1371.3926061643633,
3,8484,,3136.3133069025735,1417.5968017530222,,2852.509789023883,1344.8676609520498,,2986.4537481237257,1331.6060225846932,,3184.2743071070654,1317.4317725628844,,3320.9005426947006,1362.7010043807286,
4,8484,,2553.101873633994,1421.6110966408996,,2212.5409570990687,1360.0725462409182,,2409.9708953679437,1307.5156838143039,,2577.1809497352824,1283.626406291798,,2764.5453492578126,1348.3787839506012,
1,8564,,931.0553249172617,1413.749981128225,,767.5518155847813,1361.2542112377078,,895.0675466913362,1256.9059080839606,,1060.5646173149307,1317.816532234162,,1127.6929414138967,1381.1140197626164,
2,8564,,1466.191269197092,1466.1018351690263,,1155.5330476240233,1366.9775215827249,,1246.857185476264,1286.3059542733454,,1467.4867415530425,1331.6060225846932,,1568.2228477430535,1371.3926061643633,
3,8564,,3136.3133069025735,1417.5968017530222,,2852.509789023883,1344.8676609520498,,2986.4537481237257,1331.6060225846932,,3184.2743071070654,1317.4317725628844,,3320.9005426947006,1362.7010043807286,
4,8564,,2553.101873633994,1421.6110966408996,,2212.5409570990687,1360.0725462409182,,2409.9708953679437,1307.5156838143039,,2577.1809497352824,1283.626406291798,,2764.5453492578126,1348.3787839506012,
1,8645,,931.0553249172617,1413.749981128225,,767.5518155847813,1361.2542112377078,,895.0675466913362,1256.9059080839606,,1060.5646173149307,1317.816532234162,,1127.6929414138967,1381.1140197626164,
2,8645,,1466.191269197092,1466.1018351690263,,1155.5330476240233,1366.9775215827249,,1246.857185476264,1286.3059542733454,,1467.4867415530425,1331.6060225846932,,1568.2228477430535,1371.3926061643633,
3,8645,,3136.3133069025735,1417.5968017530222,,2852.509789023883,1344.8676609520498,,2986.4537481237257,1331.6060225846932,,3184.2743071070654,1317.4317725628844,,3320.9005426947006,1362.7010043807286,
4,8645,,2553.101873633994,1421.6110966408996,,2212.5409570990687,1360.0725462409182,,2409.9708953679437,1307.5156838143039,,2577.1809497352824,1283.626406291798,,2764.5453492578126,1348.3787839506012,
1,8725,,931.0553249172617,1413.749981128225,,767.5518155847813,1361.2542112377078,,895.0675466913362,1256.9059080839606,,1060.5646173149307,1317.816532234162,,1127.6929414138967,1381.1140197626164,
2,8725,,1466.191269197092,1466.1018351690263,,1155.5330476240233,1366.9775215827249,,1246.857185476264,1286.3059542733454,,1467.4867415530425,1331.6060225846932,,1568.2228477430535,1371.3926061643633,
3,8725,,3136.3133069025735,1417.5968017530222,,2852.509789023883,1344.8676609520498,,2986.4537481237257,1331.6060225846932,,3184.2743071070654,1317.4317725628844,,3320.9005426947006,1362.7010043807286,
4,8725,,2553.101873633994,1421.6110966408996,,2212.5409570990687,1360.0725462409182,,2409.9708953679437,1307.5156838143039,,2577.1809497352824,1283.626406291798,,2764.5453492578126,1348.3787839506012,
1,8806,,931.0553249172617,1413.749981128225,,767.5518155847813,1361.2542112377078,,895.0675466913362,1256.9059080839606,,1060.5646173149307,1317.816532234162,,1127.6929414138967,1381.1140197626164,
2,8806,,1466.191269197092,1466.1018351690263,,1155.5330476240233,1366.9775215827249,,1246.857185476264,1286.3059542733454,,1467.4867415530425,1331.6060225846932,,1568.2228477430535,1371.3926061643633,
3,8806,,3136.3133069025735,1417.5968017530222,,2852.509789023883,1344.8676609520498,,2986.4537481237257,1331.6060225846932,,3184.2743071070654,1317.4317725628844,,3320.9005426947006,1362.7010043807286,
4,8806,,2553.101873633994,1421.6110966408996,,2212.5409570990687,1360.0725462409182,,2409.9708953679437,1307.5156838143039,,2577.1809497352824,1283.626406291798,,2764.5453492578126,1348.3787839506012,
1,8886,,931.0553249172617,1413.749981128225,,767.5518155847813,1361.2542112377078,,895.0675466913362,1256.9059080839606,,1060.5646173149307,1317.816532234162,,1127.6929414138967,1381.1140197626164,
2,8886,,1466.191269197092,1466.1018351690263,,1155.5330476240233,1366.9775215827249,,1246.857185476264,1286.3059542733454,,1467.4867415530425,1331.6060225846932,,1568.2228477430535,1371.3926061643633,
3,8886,,3136.3133069025735,1417.5968017530222,,2852.509789023883,1344.8676609520498,,2986.4537481237257,1331.6060225846932,,3184.2743071070654,1317.4317725628844,,3320.9005426947006,1362.7010043807286,
4,8886,,2553.101873633994,1421.6110966408996,,2212.5409570990687,1360.0725462409182,,2409.9708953679437,1307.5156838143039,,2577.1809497352824,1283.626406291798,,2764.5453492578126,1348.3787839506012,
1,8967,,931.0553249172617,1413.749981128225,,767.5518155847813,1361.2542112377078,,895.0675466913362,1256.9059080839606,,1060.5646173149307,1317.816532234162,,1127.6929414138967,1381.1140197626164,
2,8967,,1466.191269197092,1466.1018351690263,,1155.5330476240233,1366.9775215827249,,1246.857185476264,1286.3059542733454,,1467.4867415530425,1331.6060225846932,,1568.2228477430535,1371.3926061643633,
3,8967,,3136.3133069025735,1417.5968017530222,,2852.509789023883,1344.8676609520498,,2986.4537481237257,1331.6060225846932,,3184.2743071070654,1317.4317725628844,,3320.9005426947006,1362.7010043807286,
4,8967,,2553.101873633994,1421.6110966408996,,2212.5409570990687,1360.0725462409182,,2409.9708953679437,1307.5156838143039,,2577.1809497352824,1283.626406291798,,2764.5453492578126,1348.3787839506012,
1,9048,,931.0553249172617,1413.749981128225,,767.5518155847813,1361.2542112377078,,895.0675466913362,1256.9059080839606,,1060.5646173149307,1317.816532234162,,1127.6929414138967,1381.1140197626164,
2,9048,,1466.191269197092,1466.1018351690263,,1155.5330476240233,1366.9775215827249,,1246.857185476264,1286.3059542733454,,1467.4867415530425,1331.6060225846932,,1568.2228477430535,1371.3926061643633,
3,9048,,3136.3133069025735,1417.5968017530222,,2852.509789023883,1344.8676609520498,,2986.4537481237257,1331.6060225846932,,3184.2743071070654,1317.4317725628844,,3320.9005426947006,1362.7010043807286,
4,9048,,2553.101873633994,1421.6110966408996,,2212.5409570990687,1360.0725462409182,,2409.9708953679437,1307.5156838143039,,2577.1809497352824,1283.626406291798,,2764.5453492578126,1348.3787839506012,
1,9129,,931.0553249172617,1413.749981128225,,767.5518155847813,1361.2542112377078,,895.0675466913362,1256.9059080839606,,1060.5646173149307,1317.816532234162,,1127.6929414138967,1381.1140197626164,
2,9129,,1466.191269197092,1466.1018351690263,,1155.5330476240233,1366.9775215827249,,1246.857185476264,1286.3059542733454,,1467.4867415530425,1331.6060225846932,,1568.2228477430535,1371.3926061643633,
3,9129,,3136.3133069025735,1417.5968017530222,,2852.509789023883,1344.8676609520498,,2986.4537481237257,1331.6060225846932,,3184.2743071070654,1317.4317725628844,,3320.9005426947006,1362.7010043807286,
4,9129,,2553.101873633994,1421.6110966408996,,2212.5409570990687,1360.0725462409182,,2409.9708953679437,1307.5156838143039,,2577.1809497352824,1283.626406291798,,2764.5453492578126,1348.3787839506012,
1,9210,,931.0553249172617,1413.749981128225,,767.5518155847813,1361.2542112377078,,895.0675466913362,1256.9059080839606,,1060.5646173149307,1317.816532234162,,1127.6929414138967,1381.1140197626164,
2,9210,,1466.191269197092,1466.1018351690263,,1155.5330476240233,1366.9775215827249,,1246.857185476264,1286.3059542733454,,1467.4867415530425,1331.6060225846932,,1568.2228477430535,1371.3926061643633,
3,9210,,3136.3133069025735,1417.5968017530222,,2852.509789023883,1344.8676609520498,,2986.4537481237257,1331.6060225846932,,3184.2743071070654,1317.4317725628844,,3320.9005426947006,1362.7010043807286,
4,9210,,2553.101873633994,1421.6110966408996,,2212.5409570990687,1360.0725462409182,,2409.9708953679437,1307.5156838143039,,2577.1809497352824,1283.626406291798,,2764.5453492578126,1348.3787839506012,
1,9290,,931.0553249172617,1413.749981128225,,767.5518155847813,1361.2542112377078,,895.0675466913362,1256.9059080839606,,1060.5646173149307,1317.816532234162,,1127.6929414138967,1381.1140197626164,
2,9290,,1466.191269197092,1466.1018351690263,,1155.5330476240233,1366.9775215827249,,1246.857185476264,1286.3059542733454,,1467.4867415530425,1331.6060225846932,,1568.2228477430535,1371.3926061643633,
3,9290,,3136.3133069025735,1417.5968017530222,,2852.509789023883,1344.8676609520498,,2986.4537481237257,1331.6060225846932,,3184.2743071070654,1317.4317725628844,,3320.9005426947006,1362.7010043807286,
4,9290,,2553.101873633994,1421.6110966408996,,2212.5409570990687,1360.0725462409182,,2409.9708953679437,1307.5156838143039,,2577.1809497352824,1283.626406291798,,2764.5453492578126,1348.3787839506012,
1,9370,,931.0553249172617,1413.749981128225,,767.5518155847813,1361.2542112377078,,895.0675466913362,1256.9059080839606,,1060.5646173149307,1317.816532234162,,1127.6929414138967,1381.1140197626164,
2,9370,,1466.191269197092,1466.1018351690263,,1155.5330476240233,1366.9775215827249,,1246.857185476264,1286.3059542733454,,1467.4867415530425,1331.6060225846932,,1568.2228477430535,1371.3926061643633,
3,9370,,3136.3133069025735,1417.5968017530222,,2852.509789023883,1344.8676609520498,,2986.4537481237257,1331.6060225846932,,3184.2743071070654,1317.4317725628844,,3320.9005426947006,1362.7010043807286,
4,9370,,2553.101873633994,1421.6110966408996,,2212.5409570990687,1360.0725462409182,,2409.9708953679437,1307.5156838143039,,2577.1809497352824,1283.626406291798,,2764.5453492578126,1348.3787839506012,
1,9451,,931.0553249172617,1413.749981128225,,767.5518155847813,1361.2542112377078,,895.0675466913362,1256.9059080839606,,1060.5646173149307,1317.816532234162,,1127.6929414138967,1381.1140197626164,
2,9451,,1466.191269197092,1466.1018351690263,,1155.5330476240233,1366.9775215827249,,1246.857185476264,1286.3059542733454,,1467.4867415530425,1331.6060225846932,,1568.2228477430535,1371.3926061643633,
3,9451,,3136.3133069025735,1417.5968017530222,,2852.509789023883,1344.8676609520498,,2986.4537481237257,1331.6060225846932,,3184.2743071070654,1317.4317725628844,,3320.9005426947006,1362.7010043807286,
4,9451,,2553.101873633994,1421.6110966408996,,2212.5409570990687,1360.0725462409182,,2409.9708953679437,1307.5156838143039,,2577.1809497352824,1283.626406291798,,2764.5453492578126,1348.3787839506012,
1,9531,,931.0553249172617,1413.749981128225,,767.5518155847813,1361.2542112377078,,895.0675466913362,1256.9059080839606,,1060.5646173149307,1317.816532234162,,1127.6929414138967,1381.1140197626164,
2,9531,,1466.191269197092,1466.1018351690263,,1155.5330476240233,1366.9775215827249,,1246.857185476264,1286.3059542733454,,1467.4867415530425,1331.6060225846932,,1568.2228477430535,1371.3926061643633,
3,9531,,3136.3133069025735,1417.5968017530222,,2852.509789023883,1344.8676609520498,,2986.4537481237257,1331.6060225846932,,3184.2743071070654,1317.4317725628844,,3320.9005426947006,1362.7010043807286,
4,9531,,2553.101873633994,1421.6110966408996,,2212.5409570990687,1360.0725462409182,,2409.9708953679437,1307.5156838143039,,2577.1809497352824,1283.626406291798,,2764.5453492578126,1348.3787839506012,
1,9612,,931.0553249172617,1413.749981128225,,767.5518155847813,1361.2542112377078,,895.0675466913362,1256.9059080839606,,1060.5646173149307,1317.816532234162,,1127.6929414138967,1381.1140197626164,
2,9612,,1466.191269197092,1466.1018351690263,,1155.5330476240233,1366.9775215827249,,1246.857185476264,1286.3059542733454,,1467.4867415530425,1331.6060225846932,,1568.2228477430535,1371.3926061643633,
3,9612,,3136.3133069025735,1417.5968017530222,,2852.509789023883,1344.8676609520498,,2986.4537481237257,1331.6060225846932,,3184.2743071070654,1317.4317725628844,,3320.9005426947006,1362.7010043807286,
4,9612,,2553.101873633994,1421.6110966408996,,2212.5409570990687,1360.0725462409182,,2409.9708953679437,1307.5156838143039,,2577.1809497352824,1283.626406291798,,2764.5453492578126,1348.3787839506012,
1,9693,,931.0553249172617,1413.749981128225,,767.5518155847813,1361.2542112377078,,895.0675466913362,1256.9059080839606,,1060.5646173149307,1317.816532234162,,1127.6929414138967,1381.1140197626164,
2,9693,,1466.191269197092,1466.1018351690263,,1155.5330476240233,1366.9775215827249,,1246.857185476264,1286.3059542733454,,1467.4867415530425,1331.6060225846932,,1568.2228477430535,1371.3926061643633,
3,9693,,3136.3133069025735,1417.5968017530222,,2852.509789023883,1344.8676609520498,,2986.4537481237257,1331.6060225846932,,3184.2743071070654,1317.4317725628844,,3320.9005426947006,1362.7010043807286,
4,9693,,2553.101873633994,1421.6110966408996,,2212.5409570990687,1360.0725462409182,,2409.9708953679437,1307.5156838143039,,2577.1809497352824,1283.626406291798,,2764.5453492578126,1348.3787839506012,
1,9773,,931.0553249172617,1413.749981128225,,767.5518155847813,1361.2542112377078,,895.0675466913362,1256.9059080839606,,1060.5646173149307,1317.816532234162,,1127.6929414138967,1381.1140197626164,
2,9773,,1466.191269197092,1466.1018351690263,,1155.5330476240233,1366.9775215827249,,1246.857185476264,1286.3059542733454,,1467.4867415530425,1331.6060225846932,,1568.2228477430535,1371.3926061643633,
3,9773,,3136.3133069025735,1417.5968017530222,,2852.509789023883,1344.8676609520498,,2986.4537481237257,1331.6060225846932,,3184.2743071070654,1317.4317725628844,,3320.9005426947006,1362.7010043807286,
4,9773,,2553.101873633994,1421.6110966408996,,2212.5409570990687,1360.0725462409182,,2409.9708953679437,1307.5156838143039,,2577.1809497352824,1283.626406291798,,2764.5453492578126,1348.3787839506012,
